"Variable / Field Name","Form Name","Section Header","Field Type","Field Label","Choices, Calculations, OR Slider Labels","Field Note","Text Validation Type OR Show Slider Number","Text Validation Min","Text Validation Max",Identifier?,"Branching Logic (Show field only if...)","Required Field?","Custom Alignment","Question Number (surveys only)","Matrix Group Name","Matrix Ranking?","Field Annotation"
record_id,demographics,,text,"Record ID",,,,,,,,,,,,,
name_participant,demographics,,text,"Participant Name",,,,,,y,,,,,,,
date_of_birth,demographics,,text,"Date of birth",,,date_dmy,,,,,y,,,,,
sex,demographics,,radio,Sex,"1, Male | 2, Female",,,,,,,y,RH,,,,
nhs_number,demographics,,text,"NHS number",,,,,,y,,,,,,,
gp_details,demographics,,text,"GP Name/Practice",,,,,,,,,,,,,
ethnicity,demographics,,radio,Ethnicity,"1, White - British | 2, White - Irish | 3, White - any other White background | 4, Mixed - White and Black Caribbean | 5, Mixed - White and Black African | 6, Mixed - White and Asian | 7, Mixed - any other mixed background | 8, Asian or Asian British - Indian | 9, Asian or Asian British - Pakistani | 10, Asian or Asian British - Bangladeshi | 11, Asian or Asian British - any other Asian background | 12, Black or Black British - Caribbean | 13, Black or Black British - African | 14, Black or Black British - any other Black background | 15, Other ethnic groups - Chinese | 16, Other ethnic group - Any other ethnic group | 17, Not stated | 18, Not known",,,,,,,y,,,,,
domiciliary_postcode,demographics,,text,"Last domiciliary postcode",,,,,,,,,,,,,
education,demographics,,radio,"What is your highest level of educational qualification?","1, Degree level or Degree equivalent or above (for example first or higher degrees, postgraduate diplomas, NVQ/SVQ level 4 or 5, etc) | 2, Qualifications below degree level (for example an A-level, SCE Higher, GCSE, O-level, SCE Standard/Ordinary, NVQ/SVQ, BTEC, etc) | 3, No qualifications | 4, Do not know or cannot remember | 5, Prefer not to say | 6, Not applicable",,,,,,,,,,,,
research_staff,demographics,,text,"Form completed by:",,(initials),alpha_only,,,,,,,,,,
date_of_approach,consent_info_and_consult,,text,"Date of approach",,"screening date",date_dmy,,,,,y,,,,,
hosp_location,consent_info_and_consult,,text,"Bed space / room number",,,,,,,,,,,,,
capacity,consent_info_and_consult,,yesno,"Does the participant have capacity to consent?",,"if yes, continue to consent; if no, seek consultee",,,,,,y,,,,,
participant_contact_number,consent_info_and_consult,,text,"Participant contact number:",,"Please provide contact phone number or email",integer,,,y,"[capacity] = '1'",,,,,,
participant_email,consent_info_and_consult,,text,"Participant email:",,,email,,,y,"[capacity] = '1'",,,,,,
consultee_yes_no,consent_info_and_consult,,yesno,"Has consultee been identified?",,,,,,,"[capacity] = '0'",y,,,,,
consultee_name,consent_info_and_consult,,text,"Name of consultee",,,,,,y,[consultee_yes_no]=1,y,,,,,
contact_number,consent_info_and_consult,,text,"Consultee contact number",,,number,,,y,[consultee_yes_no]=1,,,,,,
contact_email,consent_info_and_consult,,text,"Consultee email",,,email,,,y,[consultee_yes_no]=1,,,,,,
allocated_yes_no,consent_info_and_consult,,yesno,"Allocated CONSULT ID?",,,,,,,[consultee_yes_no]=1,y,,,,,
consult_id,consent_info_and_consult,,text,"CONSULT ID number:",,"Please complete CONSULT log",,,,,"[allocated_yes_no] = '1'",y,,,,,
consult_randomisation,consent_info_and_consult,,radio,"Randomised to:","1, decision aide | 2, information only",,,,,,[allocated_yes_no]=1,y,,,,,
consent_confirmation,consent_info_and_consult,,yesno,"Has TRACS consent been obtained?",,,,,,,,y,,,,,
consent_record,consent_info_and_consult,,radio,"Is consent recorded on:","1, Paper form | 2, REDCap",,,,,,,,,,,,
research_staff_2,consent_info_and_consult,,text,"Form completed by:",,initials,alpha_only,,,,,y,,,,,
consent_q1,participant_consent_form,,yesno,"<div class=""rich-text-field-label""><p>I confirm that I have read and understood the Patient Information Sheet (version 1.0 dated 28 Sep 2022) for the TRACS Liverpool Study. I have had the opportunity to consider the information, ask questions and have had these answered satisfactorily.</p></div>",,,,,,,,y,,,,,
consent_q2,participant_consent_form,,yesno,"I understand that my participation is voluntary and that I am free to withdraw my consent at any time, without giving any reason, without my normal medical care or legal rights being affected. I understand that I can agree to take part in different aspects of the study and will indicate my choice below.",,,,,,,,y,,,,,
consent_q3,participant_consent_form,,yesno,"I understand that relevant information about me will be collected from my medical records and other health and social care-related records and looked at by the research team and responsible practitioners during the study. This information may also be reviewed by regulatory bodies and NHS Trusts where it is relevant to conduct of this study. I give permission for these individuals to have access to my records and for my GP to be contacted.",,,,,,,,y,,,,,
consent_q4,participant_consent_form,,yesno,"I understand that any information collected about me (including name and address) will be held at the Liverpool School of Tropical Medicine according to the 2018 General Data Protection Regulation (GDPR) (EU 2016/679). I understand that this information will be kept securely, and viewed and shared with the TRACS Liverpool research team and other approved organisations in accordance with my choices below. I understand that no personal identifiable information will be used in the study report or publications. Identifiable data will be kept for up to 12 months after which it will be destroyed.",,,,,,,,y,,,,,
consent_q5,participant_consent_form,,yesno,"I agree to take part in the study. 
",,,,,,,,y,,,,,
consent_q6,participant_consent_form,"<div class=""rich-text-field-label""><p>Please select which aspects you agree to take part in:</p></div>",yesno,"I agree that information from me and my records can be collected for the duration of the study. ",,,,,,,,y,,,,,
consentq7,participant_consent_form,,yesno,"I agree that stool samples or rectal swabs can be collected, tested and stored during the current active sampling periods on my inpatient ward or care homes.  ",,,,,,,,y,,,,,
consentq8,participant_consent_form,,yesno,"I agree that stool samples or rectal swabs can be collected, tested and stored during future active sampling periods on my inpatient ward or care home if I remain an inpatient or resident.  ",,,,,,,,y,,,,,
consentq9,participant_consent_form,,yesno,"I agree to join the optional enhanced sampling group which will collect, send, test and store stool samples or rectal swabs between active sampling periods for the duration of the study.
  
",,,,,,,,y,,,,,
consentq10,participant_consent_form,,yesno,"I agree that relevant health and social care data about me which is held by other health, government or research organisations such as NHS Digital or CIPHA can be shared with TRACS Liverpool where appropriate approvals are in place. I understand that this will include data covering the year prior to my enrolment in TRACS Liverpool and for the duration of TRACS-Liverpool. In order for this to occur personal identifiers (such as my NHS number) will need to be shared securely with these organisations.",,,,,,,,y,,,,,
consentq11,participant_consent_form,,yesno,"I agree that anonymised information collected as part of this study and stool samples and rectal swabs stored can be used in other research studies (including with other researchers) which have been approved by appropriate NHS (or equivalent) regulatory bodies.",,,,,,,,y,,,,,
consentq12,participant_consent_form,,yesno,"I agree to be contacted in future by researchers who may want to interview me about my health experiences, my views on antimicrobial resistance, and what it was like to take part in the TRACS Liverpool study. I understand that they will take a further consent for enrolment in this and any future study.",,,,,,,,y,,,,,
signature,participant_consent_form,,file,"<div class=""rich-text-field-label""><p>Please sign or initial below to confirm your consent to taking part in the study</p></div>",,,signature,,,y,,y,,,,,
consent_name,participant_consent_form,,text,"Full name",,,,,,y,,y,,,,,
date_consent,participant_consent_form,,text,Date,,,date_dmy,,,,,y,,,,,
researcher_name_consent,participant_consent_form,,text,"Researcher name:",,,,,,,,y,,,,,
version_number,participant_consent_form,,descriptive,"<div class=""rich-text-field-label""><p><span style=""font-weight: normal;""><em>TRACS 2 Consent version 2.0 14th December 2022</em></span></p></div>",,,,,,,,,,,,,
consent_q1consultee,consultee_form,,yesno,"<div class=""rich-text-field-label""><p>I confirm that I have been consulted about my relative//friend's participation in this research project. I have read and understood the Consultee Information Sheet (version 2.0 dated 14 Dec 2022) for the TRACS Liverpool Study. I have had the opportunity to consider the information, ask questions and have had these answered satisfactorily.</p></div>",,,,,,,,y,,,,,
participant_name,consultee_form,,text,"Name of potential participant (friend/relative):",,,,,,y,,y,,,,,
consent_q2consultee,consultee_form,,yesno,"I understand that I can request he/she is withdrawn from the study at any time, without giving any reason, and without his/her normal  care or legal rights being affected. I understand that I can agree for him/her to take part in different aspects of the study and will indicate my choice below.",,,,,,,,y,,,,,
consent_q3consultee,consultee_form,,yesno,"I understand that relevant information about him/her will be collected from his/her medical records and other health and social care-related records and looked at by the research team and responsible practitioners during the study. I understand that their GP may be contacted to facilitate this. This information may also be reviewed by regulatory bodies and NHS Trusts where it is relevant to conduct of this study. ",,,,,,,,y,,,,,
consent_q4consultee,consultee_form,,yesno,"I understand that any information collected about my friend/relative (including name and address) will be held at the Liverpool School of Tropical Medicine according to the 2018 General Data Protection Regulation (GDPR) (EU 2016/679). I understand that this information will be kept securely, and viewed and shared with the TRACS Liverpool research team and other approved organisations in accordance with my choices below. I understand that no personal identifiable information will be used in the study report or publications. Identifiable data will be kept for up to 12 months after which it will be destroyed.",,,,,,,,y,,,,,
consent_q5consultee,consultee_form,,yesno,"In my opinion my friend/relative would have no objection to taking part in this study.
",,,,,,,,y,,,,,
consent_q6consultee,consultee_form,"<div class=""rich-text-field-label""><p>Please select which aspects you agree to take part in:</p></div>",yesno,"I understand that information from my friend/relative and his/her records can be collected for the duration of the study. ",,,,,,,,y,,,,,
consentq7consultee,consultee_form,,yesno,"I understand that stool samples or rectal swabs will be collected, tested and stored during the current active sampling periods on my friend/relative's inpatient ward or care homes.  ",,,,,,,,y,,,,,
consentq8consultee,consultee_form,,yesno,"I agree that stool samples or rectal swabs can be collected, tested and stored during future active sampling periods on my friend/relative's inpatient ward or care home if they remain an inpatient or resident.  ",,,,,,,,y,,,,,
consentq9consultee,consultee_form,,yesno,"In my opinion my friend/relative would have no objection to joining the optional enhanced sampling group which will collect, send, test and store stool samples or rectal swabs between active sampling periods for the duration of the study.
  
",,,,,,,,y,,,,,
consentq10consultee,consultee_form,,yesno,"I understand that relevant health and social care data about my friend/relative which is held by other health, government or research organisations such as NHS Digital or CIPHA can be shared with TRACS Liverpool where appropriate approvals are in place. I understand that this will include data covering the year prior to enrolment in TRACS Liverpool and for the duration of TRACS-Liverpool. In order for this to occur personal identifiers (such as NHS number) will need to be shared securely with these organisations.",,,,,,,,y,,,,,
consentq11consultee,consultee_form,,yesno,"I understand that anonymised information collected as part of this study and stool samples and rectal swabs stored can be used in other research studies (including with other researchers) which have been approved by appropriate NHS (or equivalent) regulatory bodies.",,,,,,,,y,,,,,
signatureconsultee,consultee_form,,file,"<div class=""rich-text-field-label""><p>Please sign or initial below to confirm your agreement to your friend/relative taking part in the study</p></div>",,,signature,,,y,,y,,,,,
consent_nameconsultee,consultee_form,,text,"Full name of consultee",,,,,,y,,y,,,,,
date_consentconsultee,consultee_form,,text,Date,,,date_dmy,,,,,y,,,,,
consultee_relationship,consultee_form,,text,"Relationship to participant:",,,,,,,,,,,,,
researcher_name_consentconsultee,consultee_form,,text,"Researcher name:",,,,,,,,y,,,,,
version_numberconsultee,consultee_form,,descriptive,"<div class=""rich-text-field-label""><p><span style=""font-weight: normal;""><em>TRACS 2 Consultee declaration version 2.0 14th December 2022</em></span></p></div>",,,,,,,,,,,,,
date_cds,care_dependency_score,,text,Date,,,date_dmy,,,,,y,,,,,
cds_eat_and_drink,care_dependency_score,,radio,"Eating and drinking
The extent to which the patient is able to satisfy his/her need for food and drink","1, Patient is completely dependent on care from others | 2, Patient is to a great extent dependent on care from others | 3, Patient is partially dependent on care from others | 4, Patient is only to a limited extent dependent on care from others | 5, Patient is almost independent on care from others",,,,,,,y,,,,,
cds_continence,care_dependency_score,,radio,"Continence
The extent to which the patient is able to control the discharge of urine and faeces voluntarily","1, Patient is completely dependent on care from others | 2, Patient is to a great extent dependent on care from others | 3, Patient is partially dependent on care from others | 4, Patient is only to a limited extent dependent on care from others | 5, Patient is almost independent on care from others",,,,,,,y,,,,,
cds_body_posture,care_dependency_score,,radio,"Body posture
The extent to which the patient is able to adopt a position appropriate to a certain activity","1, Patient is completely dependent on care from others | 2, Patient is to a great extent dependent on care from others | 3, Patient is partially dependent on care from others | 4, Patient is only to a limited extent dependent on care from others | 5, Patient is almost independent on care from others",,,,,,,y,,,,,
cds_mobility,care_dependency_score,,radio,"Mobility
The extent to which the patient is able to move about unaided","1, Patient is completely dependent on care from others | 2, Patient is to a great extent dependent on care from others | 3, Patient is partially dependent on care from others | 4, Patient is only to a limited extent dependent on care from others | 5, Patient is almost independent on care from others",,,,,,,y,,,,,
cds_day_night_pattern,care_dependency_score,,radio,"Day/night pattern
The extent to which the patient can maintain an appropriate day/night cycle unaided","1, Patient is completely dependent on care from others | 2, Patient is to a great extent dependent on care from others | 3, Patient is partially dependent on care from others | 4, Patient is only to a limited extent dependent on care from others | 5, Patient is almost independent on care from others",,,,,,,y,,,,,
cds_dressing,care_dependency_score,,radio,"Getting dressed and undressed
The extent to which the patient is able to get dressed and undressed unaided","1, Patient is completely dependent on care from others | 2, Patient is to a great extent dependent on care from others | 3, Patient is partially dependent on care from others | 4, Patient is only to a limited extent dependent on care from others | 5, Patient is almost independent on care from others",,,,,,,y,,,,,
cds_temperature,care_dependency_score,,radio,"Body temperature
The extent to which the patient is able to protect his/her body temperature against external influences
unaided","1, Patient is completely dependent on care from others | 2, Patient is to a great extent dependent on care from others | 3, Patient is partially dependent on care from others | 4, Patient is only to a limited extent dependent on care from others | 5, Patient is almost independent on care from others",,,,,,,y,,,,,
cds_hygiene,care_dependency_score,,radio,"Hygiene
The extent to which the patient is able to to take care of his/her personal hygiene unaided","1, Patient is completely dependent on care from others | 2, Patient is to a great extent dependent on care from others | 3, Patient is partially dependent on care from others | 4, Patient is only to a limited extent dependent on care from others | 5, Patient is almost independent on care from others",,,,,,,y,,,,,
cds_danger,care_dependency_score,,radio,"Avoidance of danger
The extent to which the patient is able to assure his/her own safety unaided","1, Patient is completely dependent on care from others | 2, Patient is to a great extent dependent on care from others | 3, Patient is partially dependent on care from others | 4, Patient is only to a limited extent dependent on care from others | 5, Patient is almost independent on care from others",,,,,,,y,,,,,
cds_communication,care_dependency_score,,radio,"Communication
The extent to which the patient is able to communicate","1, Patient is completely dependent on care from others | 2, Patient is to a great extent dependent on care from others | 3, Patient is partially dependent on care from others | 4, Patient is only to a limited extent dependent on care from others | 5, Patient is almost independent on care from others",,,,,,,y,,,,,
cds_social_contact,care_dependency_score,,radio,"Contact with others
The extent to which the patient is able to appropriately make, maintain and end social contacts","1, Patient is completely dependent on care from others | 2, Patient is to a great extent dependent on care from others | 3, Patient is partially dependent on care from others | 4, Patient is only to a limited extent dependent on care from others | 5, Patient is almost independent on care from others",,,,,,,y,,,,,
cds_rules_and_values,care_dependency_score,,radio,"Sense of rules and values
The extent to which the patient is able to observe rules by him/herself","1, Patient is completely dependent on care from others | 2, Patient is to a great extent dependent on care from others | 3, Patient is partially dependent on care from others | 4, Patient is only to a limited extent dependent on care from others | 5, Patient is almost independent on care from others",,,,,,,y,,,,,
cds_daily_activities,care_dependency_score,,radio,"Daily activities
The extent to which the patient is able to structure daily activities within the facility unaided","1, Patient is completely dependent on care from others | 2, Patient is to a great extent dependent on care from others | 3, Patient is partially dependent on care from others | 4, Patient is only to a limited extent dependent on care from others | 5, Patient is almost independent on care from others",,,,,,,y,,,,,
cds_recreational_activity,care_dependency_score,,radio,"Recreational activities
The extent to which the patient is able to participate in activities outside the facility unaided","1, Patient is completely dependent on care from others | 2, Patient is to a great extent dependent on care from others | 3, Patient is partially dependent on care from others | 4, Patient is only to a limited extent dependent on care from others | 5, Patient is almost independent on care from others",,,,,,,y,,,,,
cds_learning_ability,care_dependency_score,,radio,"Learning ability
The extent to which the patient is able to acquire knowledge and/or skills and/or to retain that which was
previously learned unaided","1, Patient is completely dependent on care from others | 2, Patient is to a great extent dependent on care from others | 3, Patient is partially dependent on care from others | 4, Patient is only to a limited extent dependent on care from others | 5, Patient is almost independent on care from others",,,,,,,y,,,,,
research_staff_3,care_dependency_score,,text,"Form completed by:",,(initials),alpha_only,,,,,y,,,,,
date_cfs,clinical_frailty_scale,,text,Date,,,date_dmy,,,,,y,,,,,
very_fit_img,clinical_frailty_scale,"In your clinical setting, after interviewing the subject, please assign them a score of 1 to 7 on the Clinical Frailty Scale:",descriptive,"<img src=""data:image/jpeg;base64,/9j/4AAQSkZJRgABAQEAYABgAAD/2wBDAAgGBgcGBQgHBwcJCQgKDBQNDAsLDBkSEw8UHRofHh0aHBwgJC4nICIsIxwcKDcpLDAxNDQ0Hyc5PTgyPC4zNDL/2wBDAQkJCQwLDBgNDRgyIRwhMjIyMjIyMjIyMjIyMjIyMjIyMjIyMjIyMjIyMjIyMjIyMjIyMjIyMjIyMjIyMjIyMjL/wAARCAB5ALsDASIAAhEBAxEB/8QAHwAAAQUBAQEBAQEAAAAAAAAAAAECAwQFBgcICQoL/8QAtRAAAgEDAwIEAwUFBAQAAAF9AQIDAAQRBRIhMUEGE1FhByJxFDKBkaEII0KxwRVS0fAkM2JyggkKFhcYGRolJicoKSo0NTY3ODk6Q0RFRkdISUpTVFVWV1hZWmNkZWZnaGlqc3R1dnd4eXqDhIWGh4iJipKTlJWWl5iZmqKjpKWmp6ipqrKztLW2t7i5usLDxMXGx8jJytLT1NXW19jZ2uHi4+Tl5ufo6erx8vP09fb3+Pn6/8QAHwEAAwEBAQEBAQEBAQAAAAAAAAECAwQFBgcICQoL/8QAtREAAgECBAQDBAcFBAQAAQJ3AAECAxEEBSExBhJBUQdhcRMiMoEIFEKRobHBCSMzUvAVYnLRChYkNOEl8RcYGRomJygpKjU2Nzg5OkNERUZHSElKU1RVVldYWVpjZGVmZ2hpanN0dXZ3eHl6goOEhYaHiImKkpOUlZaXmJmaoqOkpaanqKmqsrO0tba3uLm6wsPExcbHyMnK0tPU1dbX2Nna4uPk5ebn6Onq8vP09fb3+Pn6/9oADAMBAAIRAxEAPwD3OiiigAoqC9vbXTrOW7vLiO3tol3SSyMFVR0ySeOuB9TXjbftDWSaxJH/AGHM+mByEnSYCUqP4thGOfTcMetAHtdFV7C+ttT0+3vrSUSW1xGssTjoVIyD7cHp2qxQAUUUUAFFFFABRRRQAUUUUAFFFFABRRRQAUUUUAFFFFABRRRQAUUUUAZmveH9N8S6W+m6rb+fauwYruKkMDkEEEEEfX2r4rkR4ZGjkVkdTtZWBBBBwQQehBr6w8e/EzS/A8a28kb3eqSpvitUOAASQGZj0GQRwCTjpjmvl3XdXl1/XLzVp4YoZrqQyOkKkKCeuAST7kk8kk0AfWHw3shYfDjQIQxYNZrNknODJ+8I/Ddj2xXU18deGvHniLwnOjabqEhgXrazEvCw9CpPH1BB96+hPh58UrHxuzWM8AstVjUv5O/csqjqVJwcjuDyByCQDgA9BooooAKKKKACiiigAooooAKKKKACiiigAooooAKKKKACiiigAooqOedLa3lnlOI4kLsfQAZJ/IUAfInxJ1K41T4ia5NcKymO5aBEbPCRnauAemQAfqSe9crWhrN62s67qmqLEyi5uZLllAzsDuTyR7sBn1IrPoAKuabf3ujajaanZO8M8EgkhkAIBIPI9COxHQgkHrVOpNwMAUlywPAJ+UAZxx65J+n40AfZfhXXx4l8O22pGB7adgUuLd1IaKVeGUggHg8jPYitqqelTPdabBeSQvDLcxpK8bjDBioHI7HAGR26dquUAFFFFABRRRQAUUUUAFFFFABRRRQAUUUUAFFFFABRRRQAU2SNJY2ikUMjAqykZBBGCD+FOooA49vh94Y0vwtq2m2GlxwQ3duwlfcXc4BKncxJ4IBAzgEZxXyNX3QQGUqwBBGCCOCK+KNeso9M8R6nYQ58q2u5YUycnCuQP0FAGdXqPwT8HWniPxBcanf5e30oxusJHyySMWK5PcDaTjucZ4yD5dX0n8AdPe28D3V46Bftd4xjP95VVVz/AN9Bh+FAHq1FFFABRRRQAUUUUAFFFFABRRRQAUUUUAFFFFABRRRQAUUUUAFFFFABXyJ8T7D+zviVrsIUgSXJnGc8+YBITz7sa+u68i+OPgtdV0UeJLOIm9sF23AUf6yDOST6lSc/QnPQUAfOdfZfgnSf7D8E6PpxQJJFaoZVAxiRhuf/AMeJr5x+EE+hReO4016G3kimhMdt9ojDIs5ZSpOeAcBgD6kV9WUAFFFFABRRRQAUUUUAFFFFABRRRQAUUUUAFFFFABRRRQAUUUUAFFFFABWZ4jtBf+F9WsznE9lNFwQD8yEcZ4zzWnSEBlKkZBGCPUUAfDAJUggkEHIIOCDX2V4N8RW3inwrY6nbS7y0YWYHqkoADKfcHn3BB6GvnnwZ4W0zW/GfirR0Anghsbz7C7DcQyuFjccjkA59+nesbwF4y1nwlrsP9mB7mG5kWOWwySJyTgAAdG54I5zxyMigD69oo7UUAFFFFABRRRQAUUUUAFFFFABRRRQAUUUUAFFFFABRRRQAUUUUAFZHijVpNC8L6lqcMEk8tvAzRxxqSS3QcDnAJBJ7AE9q16KAPjrwNea9aeKIh4bjaTUbiKSBUAGCGUgkk8AA4bJ4BUZr1v4Q/DLWPD2v3OseIbCKBo4jFbRu6SMGJGXBUkDABGc5IY9q9mSCKJmZIkRm6lVAJ+pHWpKACiiigAooooAKKKKACiiigAooooAKKKKACiiigAooooAKKKKACiiigAooooAKKKKACiiigAooooAKKKKACiiigAooooAKKKKACiiigAooooAKKKKAP//Z"" height=""121"" width=""187""/>",,,,,,,,,,,,,
very_fit,clinical_frailty_scale,,radio,"1   Very Fit - People who are robust, active, energetic and motivated. These people commonly exercise regularly. They are among the fittest for their age.","1,",,,,,,,,,,,,
well_img,clinical_frailty_scale,,descriptive,"<img src=""data:image/jpeg;base64,iVBORw0KGgoAAAANSUhEUgAAALsAAAB5CAYAAABhsFDVAAAAAXNSR0IArs4c6QAAAARnQU1BAACxjwv8YQUAAAAJcEhZcwAADsIAAA7CARUoSoAAAAkgSURBVHhe7d1ZaFXXGgfwr1ecQhS9zsGJmFR9iAYxYhKkUcRi0Yfeh1pyMSDUWkNF8UWa4FDQt15RLEYfbAVFHNA20GK1LaHGBJFWUBPRFLUSmxqcc2oiRmnPt/2OnmEPZ5+91srp3f/fy/nWtn37u1x77TW8EYlE/iKAEPiX/AL830PYITQQdggNhB1CA2GH0NA6G9PR0UF79+6lrq4uKiwspPLycpo5c6b8KYBZ2sK+c+dO2vX551bQY3JycqistJT2799PAwYMkKcAZmgZxly8eJHq6uoSgs66u7vphx9/pA0bNsgTAHO0hJ177gcPH0or1Vdff03nz5+XFoAZWsLe3NwslT3u4Q8cOCAtADO0hP3mb79J5ezRo0dSAZjRZ1OPeEEF05SHnacbJ4wfLy1n49P4bwBU0tKz//nkiVTOSkpKpAIwQ3nYJ0yYQA9dZmLY2DFjaNq0adICMEN52Ldv307/Hj5cWvbudHZSWXk5HT58WJ4A6KfsC2q/fv2ourqaTp48SV2RiDx1N3ToUOsD08oPPpAnAPooCzt/JFpeVeU5hEnGgT/z00+Ul5cnTwD0UDaMqamp8R10xksKWlpapAWgT6Cw8zTjtm3baHT0hbP99m156t+Y6P8PoFtGwxgO+cqVK+n69euua2DSlTduHO3YsYMqKirkCYB6vsLOL6E825K8dFeFoUOG0JSCAvryiy8wfgctfIW9srLSWqKrE7+wrvn4Y1q7dq08AVAj7TE7z7aYWJbL/2Ls2rXL2vwBoFJaPTsPX2YWF9PtAC+hfvGwZs2aNejhQZm0evZjx44ZDTrjD1P8boBNHqCKZ8/OvXpRURF1/PGHPDGLpyV/+flnLAmGwDx79vr6eup5+lRa5nV2dlr7WQGCcu3Z+2Ksbod79yutrfTixQt5AuCfa8/OY/UnaaxN162nu5suXLggLYDMOIb92bNntHnLlozWu6jGL6uHjxyRFkBmHMN+JBouHi9ni3379kkFkBnHsGdbuHh3E6/JAciUbdj5mIsHDx5IKzvw7qZz585JC8A/27CfPXvWCle2aWxslArAP9uwnzp1Sqrscu/ePakA/LMNe7b2oK1XrkgF4F9K2Hm8/rQPv5i66euPW/DPlhL2W7duKdl9pAt/1QXIRErYr6QxVOBpwP9WVkrLnDcLC6m9vV1aAP6khD2dJbXj8vJo3rx50jKn7ddf6e7du9IC8Mf2BdXLqg8/pLFjx0rLLN7kDZCJlLDzHlAvS5YsocmTJ0vLrIaGBqkA/EkJu9dtdqs/+ujVRop0jqb2w+uMSHb799+lAvAnJey5ublSpeIwrlq1SlpEw9MIpx88C+QV+KamJqkA/EkJe35+vlSpli1blnCmS5BTwJxk87Qn/LOlhH3ixInWCV3JeLdQbW2ttF5eAtYXa9255+e19gB+pYSdx+N8FJ0dDnjMjRs3pFLPbSjD19NgjQxkIiXszO6+I97IsXHjRmkR3b9/Xyq1+Mr3QYMGSQtAHduwX7p0SapETc3Nr4YQuoYS/AK6+J13pJUqW9ftQPazDTtfxx6PhxWxY6VjQxmdw5j3oy/CfCKYHf6KCpAJ27Ann9DbPzqO/+rECVq9ejUNGzbMeqb6FN8YXv8yatQoxylQntvPycmRFkD6bMOerH///nT69OmEu4+eP38ulVrcc3OYN23aJE8SVVVVvfoLB+CHbdiTlwLwOvItn36asLxW53Xs/II8d+5caSVav369VAD+2Iadhyt2V7/EH1Sku3e1W904o6gIp4JBxmzDznPtjWfOWB+XYi+KFW+9RbNmzbJqNn36dKnU4kCzE9F3hGSXLl+WCsA/xzE799yXo+E6fvw4NTc10dGjRxN61SHRvwQDomN51QoKCqinp4fq9uyRJwBquL6gcrh5FSQHMNny5cvpWW+vtNTh8fq1a9eUr6gEcA27l9iQw03NJ5/QD99/b/264bn8/332GW3evJmuXr2qZZEZhFugsNv1+MlWrFhBZWVltGDBAnlij6+F5H8t+F+T0aNHW8+2RIMfL52/XABOgvXsM2ZI5ezx48fWr9fR1/GzP3PmzLGCzisw4y1dulQqAP8Chb24uFgqZ7H5+NLSUuvXSfIOqerqajp06JC0XuIpUYBMBQo7f3yaNGmStOzFevRYD+9kypQpUr3Gd67yWH7Ze+9RW/SlFfcqQRCBws67lvhQJTd37tyxfgcPHmz92uGZF14Pk4wDzisw+V5ULBGAoAKFnfHHJjetra1SOeOZl5EjR0rrNQ44enNQJXDYFy1aJJW9trY265c/FLlBqEG34D17RYXrKQPfyfHXbsMdTCmCCYHDPnXqVM+N17xn1O0kL6+XXAAVAoedPwL95913pWWvpraWdu/eLa1U6ZxCBhBU4LAzr3H7wYMH6aLDvlYAU5SEnTda8DHWANlMSdh5vj0bLxwDiKck7Mxr3O4m/kg9AF2UhX327NlS+Rdb5Qigk7Kwe823A/Q1ZWHn5biZHnSKr6dggrKwc2DtzohMx4gRI6QC0EdZ2Fl5WZlUANlHadjnz58vlT92Z9QAqKY07LxNz+lAUjd2a9kBVFMadl4U1hWJSAsguygNOy8K89rMkQznw4ApSsPO/J4AgLl5MEV52PlGPT9LdnluHuetgwnKw87z7XNKSqTljfefYjM1mKA87GzdunUYnkDW0RJ2PhAJSwAg22gJO8/KeB1kCmCalrCzgQMHSuXubY8tfQCqaAt7Q0ODVO4w3AFTtIW9sbFRKnc4WQBM0RJ2vv063ZuoEXYwRUvY+VAku7Mb7eTn50sFoJeWsPMG6sWLF1vHTXvBxg0w5Y1IJPKX1MrxcIZfVHt7e2nr1q104+ZN+ZOX+MPTt998k9Z1NQBBaQ17vIULF9reY3o/OuTheXkA3bTNxsTja+BxYS/0NSNhb29vt123Pir6EltfXy8tAL2MhL2lpcX2XtO70SHMpqTrHwF0MRL23NxcqRLxYah76uqkBaCXsRfUjo4OqV7jTRtYyw6mGAs7QF8zMowByAYIO4QGwg6hgbBDaCDsEBoIO4QGwg6hgbBDaCDsEBoIO4QGwg6hgbBDaCDsEBoIO4QGwg6hgbBDaCDsEBoIO4QE0d8iccbzSc8w0AAAAABJRU5ErkJggg=="" height=""121"" width=""187""/>",,,,,,,,,,,,,
well,clinical_frailty_scale,,radio,"2 Well - People who have no active disease symptoms but are less fit than category 1. Often, they exercise or are very active occasionally, e.g. seasonally.","2,",,,,,,,,,,,,
manage_well_img,clinical_frailty_scale,,descriptive,"<img src=""data:image/jpeg;base64,iVBORw0KGgoAAAANSUhEUgAAALsAAAB5CAYAAABhsFDVAAAAAXNSR0IArs4c6QAAAARnQU1BAACxjwv8YQUAAAAJcEhZcwAADsIAAA7CARUoSoAAAAekSURBVHhe7d1NaBVXFAfwawQR0YfafBkTET+CGm2iVYgKfRE/oo2hWg2itoIKflCxEMFuIlZFKgii1KWCC10YV4Io8QM1oosIRhqtGjdK47MJYkLeS5SItDnDeSWC782dmXPnTZz/bzPnDoFs/pncuXPnzJB4PP6vAgiBLD4CfPEQdggNhB1CIyNh7+vrU7FYzDoC+MW3G9ShQ4eqixcvquPHj6u2tjZVWFhoHbP6z3+3YoWqq6tTo0eP5p8GkOdL2Lu6utS2bdvUvXv3VN+HD3z2U3l5eepOYyMCD8YYDztd0ZcsXaqam5v5TGoF48aplpYW9fHjRz4DIMf4nP3MmTPW/FxH7PVrdeHCBR4ByDJ+Zc/tn544URGNqvr6eh4ByDF+Za9euZIrPbdu3+YKQJbxsFdVVXEFkFnGw56fn8+VnuzsbK4AZBkP+8uXL7nS8+vevVwByDIednpwpGvJ4sVqy5YtPAKQZSzs9CBpx44d6vTp03zG3vUbN7D0CMYYWXqkB0lr1qxxtbISGTVKHTp0SK1fv57PAMgQDTuF/Eb/1fn3I0e0npimEolEVGP/H0pBQQGfAfBOLOwNDQ3qp02beOQdbR24fPkyAg9iRObsTU1N6uddu3gkg7YOfBuNqlOnTvEZAG88X9kfP36svl+1SnV3d/MZWTSHX7hwoTp79iw2iIEnnsJOL198M3euam9v5zPm0LLk+fPnEXhwzdM05vDhw74EndCy5Lp166ybYAA3XIedtu3SldZPFPhjx47xCMAZ12E/evSoetvZySP//HHypPb+eICBXIWdwnblyhUe+YtuhA8ePMgjAH2uwn7u3LmMXNWTGu/cQWcCcMzxagzdIH4VgG249f33CxUVFTwCsOf4yv7s2TM1ZswYHmXOzZs3uQLQ4zjs9+/fV50ZnMIk/dnSwhWAHsdhp94vQXD37l2uAPQ4Dnvbq1dcZVZRYaG1Zx5Al+OwB+WK+ndbm+rt7eURgD3HYQ+SFy9ecAVgz1HYadpA04egSCQSXAHYcxR2mjYEYdkRwA3H05ggLDsCuOE47HRjGBQjR47kCsDeoL1Bzc/LUzNmzOARgL1BG/asrCx8uAAccRz2r2fN4iqzampquALQ4yjsRUVFgdiTQitCKx22wgZwFHZ62Xn27Nk8yhxaEZozZw6PAPQ4nsb8uHEjV5nzw+rV6DIAjjkOO73hPzbDD5ai0ShXAPoch33YsGEZfUOI/tCoaSqAU47DTnbu3Jmxqzv9bvqDA3DKVdhLS0utL1T7jbqC1dbW8gjAGVdhJydOnPD16o72d+CV67CXlJSorVu38sgcWlOn34Ogg1eeGpv61Vajw6d+kvBlc31lJ3SlpS9SAwwGnsJOaIpBPdQBgs5z2CsrK9X27dt5BBBcYt9UogdNfz15wiNZmLODBM9X9iTaEQkQZGJhBwi6wIedPh4GIEEs7NmG1tuD8mYUDH6Bv7LPmzePKwBvxMI+ceJEruRQ9zG8kQRSxMI+ffp0ruRQjxqs8oCUQE9jaL6OzV8gRSzskyZNUsVTp/IoPWpwpMPEfwsIL7GwjxgxQg0fPpxH6f2j+UR00aJFXAF4Jxp23aankydP1uoGjF6OIEks7NSKTrfpac3atYHq8w7h4PsNKs3Xy8vLeQTgH9Gw67zIQfN1WpN///49nwHwh2jYx48fz1VqtNeluLhYtT5/zmdSmzlzJlcA3omGPRKJcJVaXm4uV+npLmMC6BINO/WTsUMrMW30ZNTmBvXNmzd4egqiRMOus1RID4p0PkT2trMTT09BlGjYdebY06ZNs452y5SZ6DgGXzbRsJN0+89p6kIPn3SU4HtJIEw87OkMnLrYzdlNvQwC4eVr2JNr6zpbC8rKyrgCkOFr2JNr6zQft5uzj0LjJRAmHnapL2DTEiWAJNGwFxQU2C4XPnr0iKvUaG6fk5PDIwAZ4lf2zZs3c5Vaa2tr2iekObg5BQPEw15VVZX2gVEikbCO7969s46fQ3N7+i8BIEk87BMmTEg7b4/H49ZRd+87gBTxsNt93Kunp4crAH+Jh52ke4r6nJcf8aYS+M1I2O36M+puGQCQZCTsdi3rnLyvCiDFSNipZR2mKRA0RsJOdFplAPjJWNi9wF52MMFY2O26B6RbsenF8iQYYCTs9O6oXfeA6upqrj4vFotxBSDDSNjTbQZLbgOgbQWp0Pundfv2WV/QBpBibBpTuWwZV5/K5VYaHR0d1jGVS5cuqdKyMtXU1MRnALwxFvaGq1e5+lTypYyHDx9ax3So5caGDRtU5fLlqquri88CuGMk7BTMsSmWHpPtNto121Z3x+OqublZ1e7Zw2cA3DESduoLQ/PudA4cOKB+27/fmu4klxrTrc3/sns3VwDuiH3OfaC+vj5VPn++GtJfJ3p6/t/yS3tirl+7pqZMmWKNB6Kb0QcPHqir/dOfp0+fWueoxwxtPViwYIHtbkoAO0bCnkTTGbrKJ1F7DIQWMsVo2AGCxNhqDEDQIOwQGgg7hAbCDqGBsENoIOwQGgg7hAbCDqGBsENoIOwQGgg7hAbCDqGBsENoIOwQGgg7hAbCDqGBsENoIOwQGgg7hAbCDqGBsENIKPUffiktoBtsOh4AAAAASUVORK5CYII="" height=""121"" width=""187""/>",,,,,,,,,,,,,
managing_well,clinical_frailty_scale,,radio,"3 Managing Well - People whose medical problems are well controlled, but are not regularly active beyond routine walking.","3,",,,,,,,,,,,,
vulnerable_img,clinical_frailty_scale,,descriptive,"<img src=""data:image/jpeg;base64,iVBORw0KGgoAAAANSUhEUgAAALsAAAB5CAYAAABhsFDVAAAAAXNSR0IArs4c6QAAAARnQU1BAACxjwv8YQUAAAAJcEhZcwAADsIAAA7CARUoSoAAAAm0SURBVHhe7d1bTBXXGgfw1doYRaBSLwjFSyI0oqm3BmtqUqi0ahtOTutDbTS+qA/UxDdMaPRFcyyNbI8a0qqJ9EH0AR+0Kdoohh6rsZ5qYoAaFYsJl40FL8WyixIT08O3zjewEfZl1prLxvX/JWTWmrbpy59hzTffrHkpFAr9LQAM8DIfAV54CDsYA2EHYyDsYAyEHYyBsIMxEHYwBsIOxkDYwRgIOxgDYQdj+BL2R48eiYaGBvH06VM+A+A+T8N++PBhsfitt8SqVavEhg0bRNb06WL//v1izJgx/G8AuMezrkcKdUVFhegJhfjMoMyMDHHs2DExb948PgPgPE+u7FVVVRGDTu7+/rv458cfy18IALe4fmW/cuWKWLtunejp6eEzkaWmpIjS0lKxadMmPgPgHFfDTjegtC6347W0NNHY2CjGjh3LZwCc4eoy5siRIzyK3x/d3aK6uppnAM5xNey1tbU8suf8+fM8AnCOq2E//9NPPLKnqamJRwDOcTXsnxcXiymTJ/Msfp2dnaK5uZlnAM5w9Qb17t27YuGiRTyzJz09XZw8cUJkZ2fzGQA9rl7ZMzMzRfnu3SI1NZXPxK+rq0u8/8EHorj/rwNaC8AJrtfZqRVg8eLForWtjc+ooZLkuHHjxIcffSQ+W7NGLFiwgP8JQHxcDTs1fBUUFMgnpE5KSkoS+e++K44ePSqePXvGZwGic3UZs3nzZseDTh4/fiz++8sv4tChQ3wGIDbXwn6i/+aSWgXc0t3dLQKBgPzrARAPV5YxKm0CqtatXSv27t3LM4DIXLmyU9+6V05+950scQLE4krYDxw8yCP30fq9rKyMZwCROR52usq+qlBX13Hu3Dlc3SEmx8M+vX+tfvu333jmDeqUpDedAKJx/AaVqiOFhYWiPRjkM94JtrejDx4icvzKTmvotLQ0nnkLffAQjSs3qH19fTzy1u7ycuxUABG5Enav1+wWqu/X1dXxDGAox8N+//59HnmPnqqWffUVzwCGcjzs1Jrrpzt37qCFAEbkeNgfPnzII3/Qlh319fU8AxjkeNhpKeG3s4ovesOLzfGwJ8LOAGfPnuURwCBHw06P7K9cvcoz/zzu7cVrfDCMo2EvKSmRD5X8Ru0DN2/e5BnA/zkWdnpR4+fLl3nmP9UNmuDF5VjYd+zYkRBXdcvVBFhOQWJxJOy0Vqf6diJR3Y0MXlyOhJ3aa2mdnEimpaejxx2G0A47NV6VBwI8SxydXV3i9u3bPANwIOyJ3HiFdTuE0w57IjdeJVJ1CPynFXZaE7e2tPAs8Vy6dIlHAJphp3beaC9L0P6MtK+LX2bOnImbVBigFXbasPT+gwc8G27jxo0iJyeHZ95rbW31tb8eEotW2GlT0aysLJ4NNf/NN+WX7yZMmMBn/JFo9X/wj/YN6vL33uPRUGNeeUX+Mvj9tj/CDhbtsG/fvp1Hg+jjA//es0eOJ02aJI9+QdjBoh32iRMn8mgQfSLG+jR7cnKyPPql6949HoHptMNO73tO53X7snfeEWs+/VR88/XXck5mzZrFI3+g/AgW7bBTp+Nfvb1yXF5eLioqKoZ9Asb6ZQDwk3bYW1pa5HunVFOfHOEzkOPHj+cRgH+0w061bEJdjyOt3/3Y6DRcpNIomEc77NanZJYtWyaPz/P7A1//KCriEZhOO+wP+AkqPURKNFQV2rZtG8/AdNpht/ZoifZd0khXfbcV5OdjC2sYoBX28Caw2bNn82i49KlTeeStGTNm8AhAM+zt7e2ys5BKi1OmTOGzw0X7RXATnp5COK2wU42dqjG9vb0Ry47Er7CfOHmSRwCaYb9165Y8Utkx2trYr7DjpWsIpxX2trY2eYxViaElDi13vEYvXV+7do1nYDqtsFtbzGVnZ8tjJJmZmQMPn7x26tQpHoHptMIe7OiQx3iWKXsCAZGaksIz79C6Hd9ZAqIVdqujMDc3Vx6jWb9+vViyZAnPvEO/YFjKAFEOe/jVcs6cOTyKjj7d+H5hIc+80RMKYZNTkJTDTjX2N3Jy5E9SUhKfjY76ZPwI/JGqKixlQD3sVGOnbkb6oc7GeFHgd+7cyTNv0IcJLmPDJOMph92qsRO7nY30l8DLFzqo337fvn08A1Mph92qsas0eVEpsj0Y5Jk36CYVn4w0m3LYrRp71uuvy6NdXr9UQU95a2pqeAYmUg67VWOPp+w4kiV5eTzyTmVlJY/ARMpht2rsqm20fvTLdHZ2iubmZp6BaZTCrlJjf54fYaelzOnTp3kGplEKu0qN/XnTpk3jkbcaGxt5BKZRCnt4jZ0qKypo8yQ/9pOpQWOYsZTCHl5jV0UPorwuPxLqcUcJ0kxKYbdq7CtXrJBHFfQgyo8dCajHHSVIMymF3aqxR3sVLx4rV67kkbf24mmqkZTCbtXYFy5cKI+qVmj8ZdDR8+efoqGhgWdgCqWwWzX2jIwMeVRFr+rRGtpr1PZbVVXFMzDFS6FQ6G8ex4U6COfPny/oP/rPjz8qV2MsU30Iu+Ve//odzGH7yk7b3dF3kpL7f1Rr7OH82jaPnhFg5wGz2A47bVFNJUP6GWnXXrtivaztlgnJybb68GH0sx12a5cAp7oWvdq7nR5gZfbfY9CXQQ4eOCBqvv/e9x2GwVu2w25tUb1IsxLjJrrppWBvLSkR31ZWip/7b6jr6upEfX29/DLI6tWrseGpgewvYxy+sutIS0uTR6uiQx8ZPl5dLS5cuCCDvXXrVlFUVCSXSk4suWB0sx12q+yo2u34PNUvYH9eXCyrQedqa8WZM2dkZaXsyy9FQUEBgg0jshV2KjvSt5PI3Llz5VGXdXW2g67ktA8NlT1pX3jd8ieYwVbYrbJjrC2q7VD5KDD1t/hVxYHRy1bYrbJjrC2q7VD5KLBfX/KA0c1W2MO/jOdUNcPOR4FpyTM3N1d8UVrKZwDiZyvsVh+7k089T//wA49iW/r22+LixYu+7BkJo5+tsDf++qs8OrFephcotmzZInbt2sVnYuvo6MCDIFAWd9jpJWur7Kjz1JP6Ueiz70uXLhXVx4/LV/ziZf2yAaiIO+xNTU0D74w+efJEHu2ioC9fvlyUBwJy3W8X/f/xSh2oijvstD9MXl6eXK/n5+fzWXuuX7+uFHLLk74+RzotwUy2+9l10FKI9ly8ceOGfEBlSUlJEf/qX7sHg8GBm1/ajJTKnKs/+UT+clE9nm5M8XQUVHka9ljol4H2pCF0BUewwUkJFXYAN9kqPQKMZgg7GANhB2Mg7GAMhB2MgbCDMRB2MAbCDsZA2MEYCDsYA2EHYyDsYAyEHQwhxP8APSFTCwsgz18AAAAASUVORK5CYII="" height=""121"" width=""187""/>",,,,,,,,,,,,,
vulnerable,clinical_frailty_scale,,radio,"4 Vulnerable - While not dependent on others for daily help, often symptoms limit activities. A common complaint is being ""slowed up"", and/or being tired during the day.","4,",,,,,,,,,,,,
mildly_frail_img,clinical_frailty_scale,,descriptive,"<img src=""data:image/jpeg;base64,iVBORw0KGgoAAAANSUhEUgAAALsAAAB5CAYAAABhsFDVAAAAAXNSR0IArs4c6QAAAARnQU1BAACxjwv8YQUAAAAJcEhZcwAADsIAAA7CARUoSoAAAAqeSURBVHhe7d1baFXZGQfwVQVBUXRSb4gx4l2MGjNxnGoDoo6tWrSjT2YafQhixamgcwk4iohPTq2KHUkfmgeTNgqCGUVI1SSND8lkqjhqI5rB+/1WUbyBIO35L9fOHE/2OVlr7b12Yvf/B3LWPvH28J11vv3tb631s6dPn/5XEMVAN/VK9H+PwU6xwWCn2GCwU2ww2Ck2GOwUGwx2ig0GO8UGg51ig8FOsRF5u0D37t3FjRs31JUQ2dnZ4vXr1+qKyJ1IZ/YzZ86IoqIikTdlStuvmTNnigMHDohXr16p30XkRiQzOwK5pKREHDl6VL3j78fWVtGvXz91RRQu5zM70pbS0tIOAx2WLFnCGZ6ccRrsCHSkLX+vqlLvZPbvlhaxd+9edUUULqdpDHL0j+bOVVf6/vPwIW9aKXROZ/Zt27apkZnWRO5OFDZnwd7U1KSVp/u5f/++GhGFx1mwP3v2TI3M/OHTT0VhYaG6IgqP82qMqWnTpjFfJyecBXtubq4amendu7caEYXLWbBfvXpVjcwMHz5cjYjC5STYUXIsKytTV0RdQ6jBfvv2bVFcXCxr67aVmJaWFjUiCldowb5nzx7Z2GUb5PCrxIdk0KBB6oooXKE8Qb148aKYPmOGurLX1NgoRo0apa6IwhV4Zkf/y8qVK9WVPdTXGejkUuBgr6mpkQ1cQS1dulSNiNwIlMZgVsfiC5tgn5ibK5YtWyZmJNKfXr16iSFDhqifELkRKNhtuxo/KSoSO3bsUFdE0QiUxhw6dEiNzGRlZakRUXQCBfufv/lGjYi6PutgxwMkoneJdbDb9r5AQ0ODGhFFxzrYT548qUbmUL3hwmqKmnWwnzhxQo3sXL9+XY2IomEV7JiVg/TAwOXLl9WIKBpWwX7+/Hk1socnr0RRsgr206dPq5E97CXz+PFjdUXknlWw19bWqlEw9fX1akTknnGwo74eNF/3VFdXqxGRe8bBfuzYMTUKDh8aliApKkaNYAjModnZ6iocp3/4gR2PFAmjmd3FpqPdulndNhAZM4q0iooKNQrP1q1b1YjILe1gx41pGCuSUqEEiZM3iFzTDnbk1Vj978L69etZcyfnjG5QBzrc5gLL9NANyX0eyRXtmT3MmfcXH34oXzd89ZWsxvzx669linTq1Cn5PpEL2sH+4sULNQpuxIgRco+YNWvWyPRo0aJF8v3jx4/LVyIXjKoxYcFNKboesTsB4IQ8pDEHDx6U10QuaAd7kJVJfn5XXCwPF8NuYuBtyeF9AIjCph3stidpZIJ2AWybh81QX758Kd9LPv2aKEydksakQtD/tbxcjletWiXy339fVn7wCxumcranMGgHe1QnYnzX3Cxu3ryproT44ssv5Y0sUVDawR7WiRj/qKmRm5hOLShQ73QMN7TYfYwoCO1g79+/vxoF8+t58+TmSifU7gRjx44Vv1mwQORPmSKvU/1SbYXNsiQFZfQEFTeSYSzcwF6P8xJBj0PGktt76+rqxNLEzwClSFRoFiQ+CPiAAE++piCMgh0NW79P3EAGkSlgcSP688Q3SGVFhTwiEvV3mD17tixLsvedgjCqxsyaNUuN7CBXzzQz42doNhs5cmRboANmeOB5SxSEUbAjAF11PnqGDRsma+8oOXpL9jDLw4ULF+QrkQ2jYAfk7ba8oM0kJydHZL33niw5Ygngli1b2ursV65cka9ENoyD3UspXEGqlJ+fL44lboTxLYLKjXfTihIkkS3jYO/Ro4dsyXUFaUxtXZ0M+MrKStkdiVwfpn3wgXwlsmEc7IBzkGzo5Nz4MKHs6PXI4AS9jRs3ygoNT9OjIKyC3Tbo0rXwYn1rU1OTvCldu3atuHXrlmhublY/fWPixIlMYygQ6wPEbJfo/ev778WTJ0/EpUuXxLlz52ROjjRlwoQJsuQ4fvx4cfjwYZH4f4nly5erP/UG/s0fW1vfKksS6bKa2YNYu26d3Bh18ODBoqSkRNy/d0+mKYsXLxaTJ0+WaQyC3m/zVDx5vXbtmroiMhN5sA/PyZEz9vTp09M+DUX50S9lGT16dFtPDZGpyNMYuJm4+cQMngn+/m+rq+WiEdzY4qSPO3fuyIa0ffv2qd9FpC/ymR38DjPA7gXJN6ng7UA2f/58UV5eLq8fPHgg3yMy1Skz+5+2bROTJk166yYV+XhhYaHM15HGoHLTp08feeS7B0v30Cim881AlKpTZvadO3e2u0nF8e7eTSqqLcjP8UFI1rNnT/lUlYePkY1OCXYEc0c3qVgZ5XeC9pgxY3j4GFnplGDX2SDV+xA8evRIvnrQTMbuR7LRKcGuyy9lmZt4L+gZrBRPXTrYp06d2i5l8c5g5fYaZKrLBTtKkNhJAEsA/9nQ0G7v9qysrLcaxYh0WQV7WLMqZmlsf3c0MVNjkQbKmZs3b26r1GzcsEE8f/5c/e6foKeeS/TIlFWdHV2KeWm2vtDlLe9DqjJu3Lh2Ow2AtwAbi7RRdvTg4ZJfoxhRJlYzexibnFZVVcnFGdjtCzedfiVIb3F26tHv6RrFiDKxCva7d++qkVtIc5CfoycmWbpGMaJMrII99cmmDZ0bTLQElJaWqqufDB06VL4inSLSZRXsOPsoKjilI11ve/IGqEQdMQ523DS6OCIyHSzARsqCwG5sbBS7d+8WK1askO+hS5JIl3GwR1HfTi5JeocCr/vsM9klmZeXJzZt2iR73VGRIdJlXHpEEGLHrqC8fRvxTYEPEOrm6HlBay/eR0myoKBANoShl33hwoWyI9LjlT/RMUmkwzjYMdviPKSgvvj8c3H27FkZtHhIhAYv1Nqzs7Pb7QfpPUVFC3AyPIRibzvpsrpBDQM2QcKMjW2qseDaq7X7bXyKurpfBYi97WTCONjDaq/Flhm6M/KAAQN8e9uR6uDbwRZLl/FiHOxhnVWKdEWX93Q19ZRtbHSK6oxtr47J/4HefUbBjmALo+zo9cUAAhVdjrgXyDTToq7+8OFDdfXG6tWr06Y+Omz/HL2bjG5QUdf+7ccfq6vgEMDJj/3xIUC/jB+cvgHI8T3JjWIMXOqI0cy+f/9+NQpHan8LFmWkOxUP3yj4lTz7I8DZ2066tIMdD3pcN18hcNHk5cfbtjq145K97aRLO9ijKPFt37497aalaBvAh2HgwIHqnTdQn0/tiiTyox3sOK/Upb+Ulb31hDQVFmogX0/dLjtdoxhRKu0bVOTSHyVVUYLwtqjGEfEIVszatk9BUSEak/ggsm2AOqId7NiDEYd6BfG3ykqZY4f9eB9tAzwjlTqincbU1taqkR3M5mgJcNHHgr+bG55SR7SDPegx7njcn66sGBRSIrT/EmWiFexh9ZDcc5hXV1dXy/IoUTpawY4eEhwHidKfLfxZV2eooiMS3zwneSoHZaAV7HhSidIf1p5ihRBy5OT+Fh2oobvqO/dOzmawUybGizf8IH3wmrTq6+vFkSNHxJw5c+SDqL59+8oDBVyecOctKMGHEL3xRH5CCfZku3btkrvspmvocsH7sPmtciLyhB7s3vEzfMhDXY126ZHoXRdqsHsriYJUbYhcCT2NIeqqmMZQbDDYKTYY7BQbDHaKDQY7xQaDnWKDwU6xwWCn2GCwU2ww2CkmhPgf1FxUVqCdgyYAAAAASUVORK5CYII="" height=""121"" width=""187""/>",,,,,,,,,,,,,
mildly_frail,clinical_frailty_scale,,radio,"5 Mildly Frail - These people often have more evident slowing, and need help in high order IADLs (finances, transportation, heavy housework, medications). Typically, mild frailty progressively impairs shopping and walking outside alone, meal preparation and housework.","5,",,,,,,,,,,,,
moderately_frail_img,clinical_frailty_scale,,descriptive,"<img src=""data:image/jpeg;base64,iVBORw0KGgoAAAANSUhEUgAAALsAAAB9CAYAAAD6IRLDAAAAAXNSR0IArs4c6QAAAARnQU1BAACxjwv8YQUAAAAJcEhZcwAADsIAAA7CARUoSoAAABCrSURBVHhe7Z17lE1lH8cfiVwyoyQq4zYaVmRUbg2WSxEl5bIWJSGyzJB38a7Jm0uDXkqilSmjVYrxUmtR5J2MqLWoKKaVS8hQoWTyuiyXUm55z/c5v82ZPefss/ez9545Z+/fZ61Z5/fssab++O7n/J7f7Sl35syZy4JhfMA19MkwnofFzvgGFjvjG1jsjG9gsTO+gcXO+AYWO+MbWOyMb2CxM77BcxnUkydPirNnz9JKiFtvvZUsxu94Ruw//PCDyMzMFBs3baInQerVrSuGDh0qhg8fLipWrEhPGT/iCbG/9fbbYuLEibSKzLq1a0VqaiqtGL8R92LHjp7Wrh2tonPol194h/cpcX9AHThwIFnRqVKlivjmm29oxfiNuBb74cOHxf4DB2gVHRxcly1bRivGb8S12I8ePUqWeZYsXUoW4zfiWuy/BPxvuCZWwTcC4z/iVuznz58XTw0bViymzjBGxK3Yv//+e7Kss3PnTrIYP1EmYkeWE64EfrBDq3D33XeTxTDmKFWxQ9iLFi0SKY0bixZ33SV/6iQliRdeeMGyH/3nn3+SZZ2cnBxRvnx5WjF+odTEvnbtWinszGefpSdXyX79dSl8vAhmQWJoyODBtLJGQUGBWLJkCa0Yv1AqGdTt27eLrt260coYKyl9vEAZo0aJ06dP0xNrcDbVX7i+syOdb1boYNy4caZdjB49eoj69erRyjp2DrlM/OG62KdOnUqWOb7buVN8++23tIoMfPzBQ4aIPXv20BPrfPbZZ+y7+whXxQ735ZOAq2GVbdu2kRWevLw86ePj8/yFC/TUOnOzs8X9XbvK/0/G+7gq9lWrVpFljVOnTpFVkvfff18mk5wACamtW7dKNwt/UzUMysQHrh5Qb65ViyzzPBAQ3tKlS8WlS5foyVWsHHRVmJKVJTIyMmjFeA1Xd/aBjz9OlnlSUlLCCh277tCnnqKVO6xevYZ3dw/jqtgbNGhAlnkSExPJKs6HH34oTpw4QSvnaN2qjXh+8hSR9998MWPGTLFrl/qBl4ltXBU7kjdWadKkCVnFyc/Pd7ToKyN9tFi+bKUUeIcOHUWlSpXl8/LlK4hrruEIjRdxReyIraMEQCUSU1RURFZx8tesIcseyQ2Txbvv5Io+ffqJ6tWr09MgKEEoLNwjD62M93D0gIoCr+zsbJn+VwUH1MWLF9MqCGLqCDU6wbOZz4lu3R6gVTAi8/nn6wM/G8SWgs3yWauWLcXHH38sbcY7OCZ2CL1v374yKaQKhI6XRb/jbtq0STw+cKBjbkzX+7uJ5ORGgcPoOfHOuwvo6VXQELJ0yRKRlpZGTxgv4JjYx44da7vl7T+BHb1bmNDivHnzxBSLmVi7NKhfXzZnh4sMMfGJIz47dl67Qr+zWbOwQgf79u0jq/T49ddfxUcffUQrxgs4srPfd999yu4LRI4Rdenp6RHdBpXklBPUqVNHbN+2jXd3j2Bb7KpZzUkTJ4oHH3xQNGrUiJ6EB2cBNHuUBRUrVBDz588XPXv2pCdMPGPbjVm4cCFZ1hg5cmRUoYODBw+SVfqgyOz5rCyujPQItsQOEaj66seOHSPLGLdqzq+99lqyjEHW9osvvqAVE8/YEnthYSFZ7rF23Tqy7NOwYbLo07ufmDwpS6Tda24+JMKdb775Jq2YeMaWz462uCcGDaKVNbZt3WpqdrrTh9NP1gQbNi5evCiKig6LgoItYl5O9CTY/44cIYuJV2zt7Js3BzOOKpiZ3WJ14kA0UPSl+d9wY5KS6sqygbffWijLCCLBB1RvYEvs69evJ8s6ZtrpnB5m1LNnL7KKU79+ffHSS6+EFXxCtWpiQP/+tGLiGWWxIyRopzTATEUkKh2dpHXrNmSV5IYbbhAzZ84W3bperZsBFy9dEr///jutmHhG2WdH1vTR3r1ppUa0URZO+ut9A+5KevpoWhlz+vQpce7cOWnXrHmz/KxUqaJISYns6jCxj/LO7sRQfyM3yGl/PfBSkxWdhIREKXJN6OCvv86Ly45UETFlhbLYnagb0ZfyhuK0v7523SdkqbN7N3cxxTNKYseua8df10BzB3z/cBj56507dSLLGgVUr67KxYtcIxPPKIl9nYOJnt27d5NVHKPMbLt27ZQuIXhuwvjAt4n5eZJ6zpxRG7PHxAaWxY7u+3DDSVUJF+lAW18kcK8p+lRVGzkW5b4bOFxvpFV0LgccdVQ9Xr58UbRvfy89ZeIRy2J/7733yHKGChUqkHWVHTt2kFWSfv36Gb4MZng+a6LsdYWQjbhw4YKoXbumSEtrJVJT76SnTLxiWey5ublkOUP/AQNKzGrJM+j/7N69uyPNHIsXLyzxrYJvi5MnT4iEhCrinntSAz/NRa1aNW3NgmdiB0txdrcmcj09fLiYPn26tJHOr3HTTdIOx/Fjx6TgCxy6zxQlBElJSaJ69UTx4osz6CnjRSwnldzqGvrggw9Eh/btDW+s/ue4cXJER5WqVemJc+AsoDLnhokfLLkxbjUx1Aq8QJhMgJCmUbIKO7obU8HAwZ9/JovxKpbEjntHnaJtmzay/xQTBVZRgmr58uWG8XVcGma26UMFt15mJjawfEB1irlz50rXBRMFMBMSM2P+HfDbI03+GvPMMzIEiFutVWLsZnDyZWZiD0tidzKFP23aNLKC9I5SVPbwww/LzyNHjjg2LInxF2W2syO8iKkBmM4L96F27dr0m/Bo957ajbEz/qXMxK4xMj1dhhrXkPuScvvt8jMUzYUBbg1Mgmt04MABWjFepMzFrjGfmpr36XbupnfcIefLaNidPBYJuEbcpOFtYkbsGvoU/q7du0VmZqZ0dfhWDMYOlsSOeLhdXpk1S8x6+WUZfTELyokRknQz7Mh4H0sZVDdG0SHW3qVLF7lr417SvRF8crwcWVlZEbOrToA7oF599VVaMV7D0s6OuekQp10w53HlihVib2GhFPjEwBqXA3/11Vfy93e1aCGuu+46aWsDitDowel8xg6WffYnn3ySLDUg8jFjxsiJvfpLBxBxeWb0aHml+3c7doizf/whBj3xhHwGDh06JD8ZRgXLYkeXkB0wo8WIpk2bypkyNWrUoCdCtGkTHIGBbwGGUcWy2DF518rhUk+0VD9mouNOpk6dOsmEE2rJGzZsKH/ndjrfrbAmExtYFjsYpDjfEehdFz1169YVp08Hez0xRxIJJ+0yr6McjWFsoDQkCZGTOklJtLKGmQGhqJnfsX27bM/DuA2VKyZV4QGm3kVpZ8cUL8TKVTBTRosQIAq+UBEJsa8LiL1mzZqiXLly9C/cw+nhTEzsoCR2oHpQjeZ3I5afkJBQrOk6NTVVjHj66agN0k7AFZXeRVnsqjXlX3/9NVlBdwhVjJjzjnY7XESGeDvmLOpvmS6tIq2ffvqJLMZrKA82xde9yq3T7dLSROfOna8kiFq1aiVatmwpQ5La5QT42zgEh4Ya8e9Ko3UOFZaTJk2iFeMlSl3sIH/1atG6dWvDKxdxSNWm/MLPN5o44CRcMuBdlN0YO8BNMRI6QCz/Z9rJnR5yaoSZq2+Y+KRMxG40QQC7OL41qlatKv13+PETJkyg37rPiBEjyGK8RpmIPXTcNYSNiw3QgA0/HZlTTBm47bbbZCM2Zrjj9mtVcHGvGRBKRWFaYmIiPWG8RpmIHfXpGRkZ0i9fsGCB7BBCNxJsHEpRKDZs2DCxf/9+Ubly5Yh19D26d79yuVek6BAu7kWcfu5rrxlGkG655Zao2V0mvimTAypYk59/pYk6HFqWFuPuAC7eRcQGLwQKw5Bw0ohWZ49rKDHizuiQi/k1oX+T8R5lsrODaNMEEIVB7TySUDjMoiQYh0cIXX/TXrQdGYki/A1EWiKxZcsWshivoix27JRuA/9dn0xCBSTcGytoiSKtVDgcx48fJ4vxKspijxY6dAKIUz86A1WR+lJcs43YN954I1kl2bt3L1mMV1EWu1mBRSJa7BxnAhSDbdiwgZ4E0a6SxO81ojVif/rpp2RFxqkR2Ezsoix2Jzv9ccDE7PdFixaJsWPHytg6DqK4cj3cxQRo07NSK4MbNACiOqo1PUz8oyx2DBi1w+bNm2XxF8KPSB79+OOPokWLFnKCAMKPkydPFo899pj8t/ob9dC699tvv9HKPCgT5qpG/6IsdrgYdqhUqZKMpaNZArUoffr0kaW8+sgKdnH9jXrJycli165dtFKvwGT8hbLY9eE/q0DYZupQkEHNycmhVRDs0OhT1eBkEGMGZbGX1gyXOXPmiJSUFFoF0V6SUPcG18RE4o6A28MwymIvrb5Q7OLY3fUgQRR6SH7kkUfIKonRi6DRqmVLshivoiT20LCf22AXRy0NQp3476KrCUVj+GZZvXo1/SshR+hF891vMigX0H97MN5DSeylEdEIDUfWq1dPdOzUSYYjAYrGEMk5deqUXAN0O0X7/9Ji9OHo0KEDWYxXURK7E32aCD1qaL2oGIqkhSOzs7OvhCOHDhkipk6ZIsORKNbCoKbGjRsXc28gZK0CUk9o3QsqJfXgGwERHsbbKPvsdkEZgNZkPX78eLFx40ZZHKaFIyFsLRwJceujP6jNgXsTOprjH2PGhHVlQutewpUM4BsBZwPG2yiJ3akbKiBs7M6Isw8ePPhKZaOeZs2alYj+oDYHrXuhozlQMhzNlenRowdZxSmNwjambFESe2hCRxX42BC2mYIyCBHRH/2AJUwcCB3Ngb+Fq+GNCFcygGhNaRS2MWWLZbFDcKEJHVWaNGlCVnTC7eIApb5vvPEGrYJ07NiRrPCEKxlo3749WYyXsSz2wsJCsuyj7dQIKSLygp9IYBfXF3+NGjVKNG/enFZBwl33HloSHM5dMapzZ7yDZbGHjqWzgzahF5EXtPd1Dezc+NEXfWlgF3+0d+9iroy+th2/e3nWLFoVxyg3cIZvyfMFlsW+YsUKstwhNzeXrOJoUZTQbxatdU8T8owZM8Lu7GDlypXyM9ysSe16G8bbWBI7dl23ywSi+dz6bxatdQ8u0Ow5cyJGY7QqTZQm6w+oeXl5ZDFexpLY9aW2TjM/J0fG1cOBeDzKfdu2bUtPgsDfxuQBuEBGfPnll/ITog/3QkRynxjvYEnsCBe6BYYUIYkUCcTgkWgKjcMj84q2Pezo0dAKxXCfqh7s9DxdwPtYmhuDyV04JNoFV0Mi9IhkEQiXSIoGDqNWhp1u2rhRZmIjTQNGfH769Om0YryIpZ3d7m11EDkm82LiF2pcIHIVoQPE3gf070+rIAnVqpEVTBT9a/x4OfxIEzq49Pff8lMPVz16H0s7O8KEdsAYukg+uQrY3RGdmTZtmkwM4ZtCu3oy0kuE7G/nLl1oFQQFZHNmz+aOJ49jWuw4wNm9yh1hQjfuMkW15PXXX296fB18fa3xAzXuRqW/jHcw7cZEK7AqS3Dz9cyZM01HVCBuzYViofsH02KHMDAgVLtaXQWU9LoBmjhQ7ut2aJSJb5Sm+GIHhbBQ6ltUVHTlhgwQqUjMzSm5cGNGpqfL8CVKhRkmHMojq43ADv7QQw/JZgxkNxGfd9NdQPZ01apVolevXo4egBlv4bjYtYMs3B0kgRgmVrAUZzdDLB9kGX/juNhL82Y7hrGCK24M6kxwaYCWtWSYWMCVAyrDxCKOuzEME6uw2BnfwGJnfAOLnfENLHbGN7DYGd/AYmd8ghD/BzNm6Ns0iA7GAAAAAElFTkSuQmCC"" height=""121"" width=""187""/>",,,,,,,,,,,,,
moderately_frail,clinical_frailty_scale,,radio,"6 Moderately Frail - People need help with all outside activities and with keeping house. Inside, they often have problems with stairs and need help with bathing and might need minimal assistance (cuing, standby) with dressing.","6,",,,,,,,,,,,,
severely_frail_img,clinical_frailty_scale,,descriptive,"<img src=""data:image/jpeg;base64,iVBORw0KGgoAAAANSUhEUgAAALsAAAB9CAYAAAD6IRLDAAAAAXNSR0IArs4c6QAAAARnQU1BAACxjwv8YQUAAAAJcEhZcwAADsIAAA7CARUoSoAAABkaSURBVHhe7Z0JuE1V/8dXlEKoDCFjqIRQkWSWkAZDhqeBxqdZ/Su90etNA/+eFEkv1RMpJfIUxZskZWhAytxgqKRQryQklepdn9Vat+10hr33OfvgnN/neTx3733vPfdc97vW/v5+67d++6AdO3b8oQQhDyhkPwpCziNiF/IGEbuQN4jYhbxBxC7kDSJ2IW8QsQt5g4hdyBtE7ELeIGIX8gYpF4iIwoULqw8//FDNmTNHLV++XC1ZulRVrVpVtWrZUt1yyy3qt99+s18pZAsRewRs27ZNtWrVSu3cuVNt37HDXt2brl26qPvvv18dccQR9ooQNSL2DMOMXr9BA/XVV1/ZK4k5+uij1fx580TwWUI8e4a57rrrfAkdvvnmGzVw4EB7JkSNzOwZZOPGjarpGWeoXbt22SupOerII42nL1KkiL0iRIXM7Bnk8ccfDyR0qFSpktqyZYs9E6JExJ5BPvvsM3sk7I+I2DPEokWL1HsLFtgzYX9EPHuGaN+hg1qyZIk9C8a3OlAVokdm9gyx9bvv7FEwCFB/+eUXeyZEiYg9Q/Tv398eBUcC1OwgYs8Q5cuXt0fB2Pr996pMmTL2TIgSEXuGqFatmjquVi175p+ePXpIjj1LiNgzROXKlVXxww9XJUuUsFdSM/SBB9SoUaPsmRA1ko3JMGvXrjUfWUlNRcmSJdW8uXNVxYoV7RUhSkTsEdGpUyf1/uLF9iwxFStUUCtWrJCS3ywgNiYiSpUqZY+Ss3HTJjVs2DB7JkSJzOwRQEFYmzZtTKbFL19t2CCBasTIzB4BQ4cODSR0GDFihD0SoiKnZ3ZWJt999101ceJEEzj26dNH6d9Xde7cObKgkFm9RcuWavv27faKf77bskW8e4TkrNhfeukl9c+BA414vo+ZZVmif/HFF1WdOnXslczALqXWrVur5TrgDMP0adNU48aN7ZmQaXLOxiC4G2+8UfUfMMAsw8cKHbAYrbWnZjN0puDn9uzZM7TQYcrUqfZIiIKcE3vfvn3VjBkz4oo8lh5anKtWrbJn6cHGjTdmz7Zn4Zg5c6Y9EqIgp2wMu/qPO/54e+YPlutHjhxpz8JBbHDSSScFDkrjIeW+0ZFTMzu79OnLEoTZb75pBkk6TJ8+PSNCF6Ilp8ROxoXGREHA19999932LBzz58+3R+khte3RklNipx6lWLFi9sw/z02YYALMsGQqgyKbr6MlZ8ROfhs2J/C8xx93nD36O0fqGfXTTz+1Z8Fp1KiRaW2XLrt377ZHQhTkjNjPP/981SxJpWHJJLUqP//8sz0KR82aNdX69evtWXhWr1kjFZARkjNib9KkiVkdTcT7779vj/4OvV78dvGKEmyMEB05I/Yrr7xSLVu+3J4FJ6zQ8Pq33XabPUuP9u3b2yMhCnJG7GXLlrVHwSADMnXKFGNFguJWTZ8ZP95eSY9Gp55qj4QoyBmxh7UhNWrUUE2bNrVn/iFFiNDTXTV1lD/6aGPFhOjIGbGvW7fOHgVjT4gqQ4rMGjRsmDGhA1kkCU6jJWfEfvHFF6t+IbzzN5s3+17IIb155plnFhSZZZIz27a1R0JU5IzYKeXt16+f2fETRPRsi7v00kuTLioxGO666y5Tp05Vo58is6B07NjRHglRkTNid7C1rVy5cvbMH9gRqhYR9bJly9STTz5pHipQTvvollrgx2pfP/qxx0JtyPALT+EQoiXnNm8wQ5988slq/Zdf2ivRgkjvHjTIHF9z7bXmYxi4G3FnEqIjp2Z2lwpM9NCuZFSrWlU1btTIniWH8gLy8o+NHq0+WrVK9e7dO+1VWKllj56cETtlui4VGNRTV61SRX2xfr369ttv7ZX40O3rpHr11PhnnlHLli41Ii9atKj53CeffGI+hoWfnW6psZCcnBA7ImneokWoVOBpp51mLE/tE04wgo8HIqeZ0cMPP6wWLFhg2mQ4kTveeecdexQOUo9vvvmmPROi4IAXuxM6T54Lw0+7dpnZeu26dWZhBw466CDzkfZ0V1xxhdmcTa18r169zPVYfvrpp7T2njoIjoXoOKDFjkenniSs0AGRHnzIIerXX38tKA/+448/TKPSl6dOVSMfeUSdkaJv44YNG0J18I1FnskULQe02Nkh9PkXX9iz8MTb3XTngAHG4viF8tx0WfXRR/ZIiIIDVuzkxPHQ6dCsWTN79Bd1TjxRVa5UyWygzjb7Q5lxLnNAin38+PGqkrYZc+bOtVfCsf2HH+zRX2CNqlevro4P2KUgE7Q/6yx7JETBASd2eiKmu0HagV8/Uc/kXrhG6UFstiUV3A3SpXjx4vZIiIIDSuxkREY++mioRaNE7PrxR3v0l60htRiUnZ7XCcupUs8eKfut2EnDvf766wUViaQYu3TtmrH6FBd8enPrX2vPXF979UsuucRe8U+6xWGsyrZq1cqeCVGwX9XGMHPT7pmnRZMOzMQm5kSc1rix2rFzp/ooJgPS9PTT1RtvvGHP/MGCUrsM+G3p4hst+83M/vzzzxvB0Nzz640bfQmdRaCyMY9V7NC+vZmd+ZiMhXpA7fTYIYrHIEi60ZFOnt9BJzMRerTsF2L/4IMP1B39+6sfA/heBF2vXj3135hNFJs2bVIlSpZUO/WszcqoF4LINq1bm4IvxPXlhg32M0odcvDB5uO1ISoXvwv5dGsv9J4RomWfi5220Z3OOccsuQeBTgKz4tgNrr/99tvqbW0tYpfwq1arZoS5Z8+eAoG65knM9G3btg3VZcDvTqdknCVpx8jZZ2In4KSP+qWXXaZ+//13ezU+zOKnaJtR49hjzfmx1asX2I4gMAiY8Y8qXVqtWLnSXPt09WrzEc7Vg25fQIeD2rVr2zMhKrIudhZtWBRiJ/2kF14wDYpSgVU5WNuMdbZ2hNdwS/xVKlc2H/3CrE6FIwMIatWsqarrGf/khg3VBRdcYK4FJVVpcCqKFS8uDw/LAlkXO9vdbr3tNl8tnsmYADM/NoNgtF7dunttYeN5ozfecIO6tE8fe0UZr06ASmYFm+L+lS9fXp2ur5Grx+5wd1iz9s+H9H64ZIkRO4FyUFyfybBIc6TskNXUI6KgC8BKH0+7ICuydetWShALBBmPd7U3b9CggTnG9zPjDxs+3DT1L6TvAIcddtheLaWZwWmo9PHHH5vFKe+GCYJEvq9WrVpq3Lhx6qijjrKfSc5l2opxlwoDtfKUENevX99eEaIiq2Jnkehinws2ZE6wK4k2VDioYWHnUDVtRdq1a2fE6/afYlWwLQSmLBjRJfewokWNwOZr/w6UC5CJca3z2J7Hz0T4zz37rK+AtUuXLmqm/t3CIvn17JBVsfOYxs5aGJnkiFKl1DHHHGPKY/HvFSpU8LWZAqtTtFgxY5Foeopv/00ff6kHCoEw8YFfwacjdjaH/P+QIfZMiJKsevZp06fbo8xRpUoV0723bZs2Jm+Ot+dxM2Q4LtGWiU3Rz+qAmH6OBKYOVmg3b9pkhE6rawq/EDo2B6EjeD53kX4NY6eSkM6sfkaI1ntCOLImdnLRY8aMsWepcdmSRLg0JJmMQ4oUMbt83Pd8/fXXJm9NLxg2RXft2tXYnGPsDO2yOdTAHKcDV7z7R9rDEyfwPpnlETyWBsHTRCkKsGphUqhCOLIm9qCPK3ceOh7OZpBtYQN0aR1IsmPJfQ+fIwh+Rnt5oHYFq+Hq1/HHx1SsqE7QMz05e2Z/ZtiFCxeaFKArtcW7s9rKRu6nn37aXMskFH8J2SMrnp3Zks0WmaSJnoUXaHE64ceDGfqJJ55Qr7zyikk3eilTpoy65uqr1eLFi02jUnw+fdbdg4DZdM1eVAYRrTZIW7766qtx69y5u4SBVOqECRMkE5MlsjKzDx482B79HTY2Yz/YHXSI9tFeWNEk23LYoYfaK39mT3hgVyqhA0K96eab1eTJk+2Vv6BzACUDc+fNs1eUKlGihPHtZHDYgF1KB7/8PO4ExALxnpcatMzBC4tlEydNsmdC1EQ+s5NbZzNEokUkBEZQ+Nnnn5td+onAXrDaScaE9hfeFVXA/24IsIeThShmexZ06CDQs1cvtWTJEvO0PYJbBl6ZsmVNcMpg47z44YerWXGC0TOaNTPfGxZJPWaHyGf2e+65p0DoLqj0QiZl9erVBULvpoNJwEO7SkTACpFexH4QbHqFjhhpPsr3duncOe72NjI0DsTMzyT9SAsMnoqNWI/UX4M9QuAMJoLTQ/Ug4+d+v22b8f7L48QSkyZONE2UwoBvb9269V6LW0I0RDqzsxnjHG1FnNjx0DzOxVuteP5555lNFNv01zC7YTnofU69CYViP2zfvtfupAba33LOncD56lTwddiWH2yASmBKuzrsEyupv2jLUlMPFt4HtenM7i1btDDlwlgd7MwRWpQUkv2ftkXxbFm6C0uUQMzXlso7KIXMEunMfr22Ck7odevWNR+9Qr/1lltMLQr7QBE62RRmWWD2xpZ4hc6i0S7tkRE6MIMz0zM7u7sA5QHk07FHDgaEEzqwaQMv7rI3zObf6MHlNmE8qr052ZeTTznFvAcGC0KHqHZP8bOxUqRFhWiITOxsrXMP0iVfvXLlyr0aGlGyy+cfeOABYxkQXgntiYFNHOS/b7j+enPuYNb7xXbLRYCU6zLzVtGvT/DYUHv/QoUKqY9pMqoFXkh/Defu6x0Iym3HY/WVYPfn3bvNho7V+j1xN4I7/vEP8z5d4EzckKgpUyY2XGOlaM4qgo+GSGwMf6z6DRoUNP2ppAXF84IWaQ/swEKwtI9g2WgBY8eMMYssfK0rLThcDwC+xoHg8bdUP7qadMB6UOmIUKdPn25SiO6uQoovdkcTcBegXgYPP2TIELP4FEuHjh3NAhQ5fbI0FIeRqowlbPoxHhddeKEaPny4PRMyRSQzO77bbbGjw1YRHUAidAJClubJzjCb8wh0b+ctvLR7iFbz5s1Vxw4dzGwLrG5S8lumdGlz7q1XcY9UfGnKFHWD9vkwduxYkxuHeEIHhE5RGE/LI1DGUlGsRmcDskj8I1ME3EH4+rCpxiIxadVkTJs2LfAinJCajM/szLpNtaC9D9hitZJN1ICdIE++W4vmJy0esiKOpfo2HvvEOJb0CfwYJAyatWvWmBoYHuTlugDg+cmU3HHHHWrVqlVqt7Y6/Bw/wWsyiAUQuHevKu+DARELsUay9nUMSALdd997z9eGFQYhAfpNN91krwjpkpGZnbSgmxFpH+2ETtMhZnMndOjRvbua9soratasWeqhBx80hVxukwaWJRaX4SAwJFvBDAxYEDixdm1jW0aPHq0+0HbDyTuR0J13585CgdiIhx9WQ3XcgHXo2aOHaUHHewaalSJ0c0eyDZS8ga4X7mDJIFvDaum4p57ylaakXoc4RGb4zJFyZsd/v/zyy+ree+9Vv2rPyiLM2WefrQrrwG/z5s1G5NgHZsEvdPBGGs+Ld5WTxx9OmjTJZF64A3Tr1m0v3413xmcjLvZkMhCG6gHhBRuzRVsKNmwsXbrUvD+3IMNsiEiYfbEbiD/ZDE/wSSqUn4MtKq1f22WNyPIQkDKQeVQ8vDZzphEqKdVYUqUeWYxyZQG852HDhqnBPkp7sT93DRqkrrLvQQhPSrETjIV9MBZFVi5NSB75g8WLC/ZaIhjsjhdWQclqBOmuRbaFmnYewltUz/YEk4jb9VqPha9PtcGbgettQU3gS/aGWZ47CfU0sSTbrcQgZjHK/e4OYgLqcebpO1bsJOGFNQJWfMXSpEdSsfOIxEF6Vkn2h/ADsyTb57wLJlgemiLRx+WtOXPMwDjvvPPMljl8sqsvZ3N20LQeFgXhs0iUCGwHK6MI8Kx27cxHcu3ucTEMPIgtQbjqqquM9Ynl1ltvNY+PjAd3qmRdxsgc3XzzzeaZrIngrlVSD2oXF/D+eEjC1VdfrerUqWOuCclJ6tmxKQRVQSF96Hb9I1p8auzKoFvA+VEHa8zEWJ3hWkQD7rxT3aMtE0+RHjN2bMHSP4Ihi+PNl8eCIIAUYTKhA/FBXS0SbAqD7fLLLzdWg2CXf7NnzzZZkYsvush+hzLBsytniOXYOKUQjlRP7qDH44oVK9S111xjZvF4YM+8ATCDkCKyK/Xgk7y8P5KK/fbbbzfL5EHBSrhabRaGyL7EMnXqVPPR1ZDHgldFiMy2cKieqVlQcv4b0XM3ILBkpl24YIEp5eUOwkydioWLFpmad2wNadJzzj3XdBgj2AU8PAtb/3n1VTOLsi7Az0vUucu7YhuLn+4BxB204p7w3HOB6mzWrVtnj4RUJBU7IvyP/uNTz+0Xl4FxS/GJuu7S0oIle+4CDW13AL6P84P1TOWsk1tV/a8WvVt8ckEn8cBzEyaYMt4ePXuqVtoSEQe4kgTsjFc4h9pS4RNsSQJ4/Tt3F1KdpDAJcFnMQuCUHzsxJ+rbHi+TBPSj5Pf0CxODm+Xx+qkge+QCdCE5KVOP2A/ShN78d7zHszg+/eSTggUlVi7jVSBy22UjBHaB8lZmWeCPhqj36I+uQtLZEddlgNIDAki4oFs3ky5kkJCaZKUW3OyPnfH6YB7MS8oSW+G28DGYntcD5vQmTcz5z/pu8sjIkWbgVNfvYZO2cvPmzzcDjerEoJgAOsbCpcLN8g8++GBSwfP/G6a9dr7iK8/OH2uKXSJHJG57G6uLsWW7rFYyQ+I9aVvRsWNH+5m/YG8o5bMI2PvYdQJGvKjb9Ez9uhdSirwuLesQOPtG79Qen615DBxWXR0VypdX53TqtFdDJSD4JRbgzoNVYjBd0ru36tu3r0mNOphdWfyhfJgB1lwPcILBoHjfU1AofaANSCL4v473/yvEx5fYgYIpnq9PIRRtKhA5MyeiRHgOfC6fw778rmeo2B6G+HCCUAIuoJQWvEEW3bl4TSwDMzHiZ4ZkduVnIz4+kg7s3aePCdzw/t7U39y5c03JwAotalZmKU1wUFbM7I5VwhLxe1yoA9Hu+i5Bdgj4ec4qUcbA+/DbNMlLmLuBl/7aUiWCNhxiYfzjW+z49379+pln9SN6akVcbxb6r2AtqFf/18CBpk0F2+0I5mKDTwq8HAjcbYuL/aNhhXh9ZmLE71KBbIAurL04IHoWlrp3767O1QEm/hvxvjBp0l7WgSIxBp6D2ZA7Fd2/aLAECJuZmy4F1MzzWhSbAYtJ+P9ULTXike5T9+gsHA8sTC8dpwj+8S12hxM9JbuIHk/JrIrImPXp+IVQ2Hn0aMwmZ/DWg+Ox+b54cMcAV6fO3YB8PQVle/SMzGyPDSKgxZK4XDypwtjHtSB87JHLEJFSddByY/myZSYoBl6TQUaM4q1hmfHaa2aGp01HPBI9nZpNIunAJMAMHgsWht9d8E9gsTuc6FkZZAsdi0F05qUtBbPgIyNG/G1WjwW/7oJJL5QiOChRQLxstxv173+bWZrvY5UVwSMmNyCwHgzCiRMnGrsUC8VnwO4kByIdMGBAQZkAkD2hYpIBR408vwswoGbMmGGOvVDM9tS4cfZsb97x3MnCEm8Glyd1BCdjVY/UxdSoUaPgD4BFiffHII99uWemIif++qxZ9uxPEK1LCZI6JFh0r0VhFAVSeH5sExbKbcTA5zMrc72cDkzZvNGrVy8jXu44biGLwJcUJWlVPke2BYgRyulBS40M1olBS6aGTsEEwmvWrFEveOICRM4eW2/tfDzS3VBNWQHNnpxthCGDBxfU7Aj+yHiJbyooAOMO4BUHfp9gEXvylbUJbjn/NT2Txt6uvYJHrIidLBFZGsqJWYByAwCobaGTL6u1rHQygFzOHgiqKS/ADvE6bo0AsFmjR40ymRHKF7iTcGcgm4SlSlWuy6rua9oCUXAWFsROTOJKF7BjDNR0XjMfCW1jwoJ/ZuuZF0qCuTN4m/ojdG7V8XwpBVHUerPQg6jZ2IFAES13BV4LEK5b8XTZHmZZ7JV7UBgVj7Tm8AqdwTBZz+AIHZvF9kGqGrkbcFeiEpOna/upS2dAusZLYWFF2lujg4XbF0/gPtDJutjhvvvu2yun7WZ5t2rKii2rnHTzSgSCx2IgTAJkINSllzsibNG8uVlE+uLzz002BdEB3Qq+27q1wOczW7tcNkE15QfYppZ6oM156y31T21fKGlOZ1k+UfDqF2+MAfzfiV8PTmEdnA2yx1mD2bJHjx7qD+3LvalIIAtC6g9vHG/11Qu5fwq4mLV5HefJCVwJUKmVjzf78nVkdtgDywopdxY6EpA9IvPhgmaCbu4A/BwsQzHt6RlcDKJ4ZRDk7nnCB7l5ygxIv1JIx8cOHTrYrwoOg4U7CZi7zuTJBZtXBP9k3bPHgiiZuRAg9SV48KDL68DrsDHkoYceMsFtonp2B74XO9BV2xMeB5nJfou8F++2RLcRJCwMZrJA/P/wyPd0Xiuf2edijwKCYBabCCKxKZwDIqHcgGIrvDy+V+xA/pCTYheEeOyTAFUQ9gUidiFvELELeYOIXcgbROxC3iBiF/IGEbuQN4jYhbxBxC7kDSJ2IW8QsQt5g4hdyBtE7ELeIGIX8gYRu5A3iNiFvEHELuQNInYhbxCxC3mDiF3IG0TsQp6g1P8A0hYSZZe2uY8AAAAASUVORK5CYII="" height=""121"" width=""187""/>",,,,,,,,,,,,,
severely_frail,clinical_frailty_scale,,radio,"7 Severely Frail - Completely dependent for personal care, from whatever cause (physical or cognitive). Even so, they seem stable and not at high risk of dying (within ~ 6 months).","7,",,,,,,,,,,,,
very_severe_frail_img,clinical_frailty_scale,,descriptive,"<img src=""data:image/jpeg;base64,iVBORw0KGgoAAAANSUhEUgAAALsAAAB9CAYAAAD6IRLDAAAAAXNSR0IArs4c6QAAAARnQU1BAACxjwv8YQUAAAAJcEhZcwAADsIAAA7CARUoSoAAAAoFSURBVHhe7d17bE5pHgfw37ilLkFVpsu0GMmaqLtUx2gEoboS4jJSYbYym0hKdvxB7PzRMsuYNjIWWSYuCQlmdxiiIsSOS1DBuCRCzWKkiUu7bmWLoh0N9v0+8zz61mxd3vec0/Oe5/tJ5DznKCbvfN/nPOd3nnOedyorK58LkQUa6S1R4DHsZA2GnazBsJM1GHayBsNO1mDYyRoMO1mDYSdrMOxkDYadrMGwkzUYdrIGw07WYNjJGgw7WYNhJ2sw7GQNhp2sEXXYnzx5IseOHZPGjRvrI0T+FFXYEfCBH30kWVlZsn79en2UyJ+iCvvWrVulrKxMntTUyJIlS/RRIn+KKuwrV67UrV97+Xv37uk9Iv+JOOwIdkVFhd4TKQ318I8fP9Z7RP4TcdgR7Pj4eL33q/Lyct0i8p+ohjEvu3Xrlm4R+Y+jYUcZksivHA373bt3dYvIfxwNO5GfMexkDYadrMGwkzUcDfuZM2d06/VwxxUTyBYuXCjDhw/n3VdyXYP07Hv37pWhQ4fKuPHjZcU338i5n36SmTNnquMbNmxQ25KSEiksLJTs7GzOqHwDZvYpO436RbzMzPXr12Xq1KlSfO6cPiLyyZQpsmzZMr33/yHMf/n8c733ZhZ//bWMHTtW2rZtq49QOHQMg9LTVbtXz56ydOlS6dOnj9qnWp727Oh53jbogD/T7YMPOG++Hps2bdItUWfJjJEj5ezZs/oIGZ6GfdWqVboVGQx7poTOHrxTW1enTp10qxYCzyFNXZ6FHcOePaGxeLTwdzRv3lzvEfTt21e36jp58qRuEXgW9n379ulW9CKZloCzAU7tuPjFFy9Iunfvrlt1nThxQrcIHA/706dPpUmTJnqv1rVr13QregcOHNCtV8P4HgGfNWuWJCUnq1P7H7OzpW+/fqrKgwu7IGjWrJlu0as4Gvaamhq5ffu23nPP9u3bdeu30IObsiXKmwj4P7/7Tv9uLQyHUMHAz8W6+i7aDx06pFsEjpYeZ0yfLpcvX5YbN27I6tWrJSUlRaqqqqRRo0bq5hFq6k5ZHbrYbdWqld4TuXjxouzYsUNVI97W3Lw81fvjrOQmfBEvXLjwm3n/+G+/f/++3qvr0qVL9V7roMyIL3SPHj1k+owZ+mhdt/mMwQuOhh318PDS4h8yM9VwISMjI6L6upcyQ2eAbt26SZs2bSQ1NVW6dOkiHTt21L8bOZxljh49Kvv373fkAv1tXfr5Z96f0BwNe15uruQXFOi9Wn9bvFgmTpwoXd5/Xx+JHTM/+0z1nOFnkZ6hHrVFixb1hsgEfOPGjRGdaZyEM+CECRP0nt0cDfvCL7+UeV98offqOldcLIcPH5Y/h8ITJOaMYDg5VHMChjoYu2M4iS2+tIMHD3Z9yOZHjoY9Y8QIdfzf58/rI7XmzZ2rfv73YcEgb+CaJPx6Bl/QdevWWVfFcTTsr3Mj9Ge2bdsma9asafDTu+3eZB5T0Hg6XQAvVcIF61/nz9dHqKGgHGvb/BlPw77wq69k3rx50ik5Wfbt3avGk9RwioqKdMsOnoYdlq9YIWkffqhu9mAog7F8OIwn+SXwBsqsNvE87C9Db18YGscf//FHVRPG3VHM6fjHt9/qnyC3dOjQQbfs0OBhhwkff6zuKiYlJb14XyRqw+jlyT1du3bVLTv4Iuwwdtw4FXA8x4rb6g8fPlQXs+Qe3BiziW/CDj/s2SMjMjJkyJAh8uzZMxk1ahTH7y5i2H3gbHGxGrc/f/5cPU9J7rBtzowvww54hA89T3p6uprfQRQtT++gvo2WoaD37t1bPYLXtGlTNQUW/xYXPHDOywWAli1bqs5l0qRJgZxK4NuwU8NpFx8vc+bMkZycnEBNGHN0GJM+aJBuUSz7b0WFLFq0SPXwQeJo2CdPnqxbFOseVFaqtxOsXbtWH4l9job9yJEjukVBgMDn5uUF5j09joZ98/ff6xYFya5du3QrtjkW9tatW6tfFDx4104QOBb2NqGgP3jwQO9RkDx69Ei3YptjYecLR8nvHAs7bkK0T0jQexQkeJtaEDgW9ri4OIno7hT5XlCmWjsWdtxJnZ6To/coKBITE9UyQEHgWNhh9uzZ6gEMCgZMxFuxfHlgpgw4GvaE9u2lrKxM71Gsw6S7rEmT1DyoIHA07BRMV65c0a3YxrDTa+ERySCIKuzV1dW6RUGGV5AHQcTz2bE4VUFBgVqA4FXwXCmWhUl67z31bCkudjCHpnlcnGRmZqoHBsg9/wmNt/FC04SEBPUKcTCLM2B5mv79+qn2q2A2a1pamt6LXRGH/U3griouWqEgP1+mTZumLnbwJoGrV6/yRfkewOc9ZswYKS0re/F5Z2VlyaGiIhka6ny2bNmijtnA1TF7aWmp/C4xUeLj49UKEVBeXq6Cjse/yH3Jyckq6Hj6yCwVOVLfJELgbeJq2E+fPi03Q73JO6G2WavzvH6dde9evdSW3IVhI+59VP/yi9y5c0cdGzBggNqiIwpKWfFNuBr2o8eOqW2L0LjcPMCLVaqBy417Jy0UbtTMsXYTYKyOnh4dEdZssoWrYT+lF53FhaiBBbQAbw4gb5jP2nz26HgwlwkOHjyotjZwLex4lMu8eSD8QWwcSw6dVtvrC1dyn1kB+9SpU2oLWGoGsPaTLVwLOxb5xYUpxoX9+/dXxzA+xD4umLiCm3ew8h8+9/AL0mHDhqktOh9bnkVwLezFxcVSUVGhxoVmiUXcdsY+KzHeQkUGnzvOqKYiM3DgQLWPDglVMxu4Fnbz3CJquYY5ZbIS4y1TkcEZFWVfMCVJdEjHjx9Xx4LOtbAX6iXXTZkLTDWAlRjvoSIDpvSLL4DpdILyQPXruBJ2MzYHcwMDdupXMrAS4z3zmZvSL5gqmemYgs6VsJubSRgTdu7cWR3DWBH7qO+yEuM9U5Ex9z7AXDvZcnPJlbCbDzS86oK7d9jHewRZifEeKjLobPBwjam+pKSkqKDbcnPJlbD/a/dutZ0wfrzaAqozwEpMwzAXpOHVF3Q6CDrssWDc7njYMVzBEjEQPl7fvHmz2ia++67akrfMc6SovuzWnRGYDsl0UEHmeNhxtY/eAj1I+IWoKXnFt2untuQ98zD8zZs31RZSU1PVFh2UqcEHlePz2fPz8+Xvy5er9t3QON30KORPJSUlMkgPLXft3BmIhzTq42jPjvkwJugUG8JXzFuwYIFuBVPj3Nzc+bodNcymq66qUhc+f/r00xdzYsi/8P/qTnm5GuKMHj060Df8XH0sj8hPXCk9EvkRw07WYNjJGgw7WYNhJ2sw7GQNhp2swbCTNRh2sgbDTtZg2MkaDDtZg2EnazDsZA2GnazBsJM1GHayBsNO1mDYyRoMO1mDYSdrMOxkDYadrMGwkzUYdrIGw07WYNjJGgw7WYNhJ2sw7GQJkf8BhDXgt7MJG8EAAAAASUVORK5CYII="" height=""121"" width=""187""/>",,,,,,,,,,,,,
very_severely_frail,clinical_frailty_scale,,radio,"8 Very Severely Frail - Completely dependent, approaching the end of life. Typically, they could not recover even from a minor illness.","8,",,,,,,,,,,,,
terminal_ill_img,clinical_frailty_scale,,descriptive,"<img src=""data:image/jpeg;base64,iVBORw0KGgoAAAANSUhEUgAAALsAAAB9CAIAAAB1Q4WUAAAAAXNSR0IArs4c6QAAAARnQU1BAACxjwv8YQUAAAAJcEhZcwAADsMAAA7DAcdvqGQAAAt+SURBVHhe7d17UBXXHQdwFHmICD5QICoXvSoConBVvGIhI2oJkKDGBiRXErXG6ZBO1WDR+ph0JlEDiZOkRnwU1FQpIdMqvlAUNeODImYqoxAcLldBQBRf4AP0Ipn+YH9lbFHYc3bvYzO/Txhyfns1/9xvzp5z9uxuj0ePHtkQIlpP/Dch4lBiCBtKDGFDiSFsKDGEDSWGsKHEEDaUGMLG5Ct4dXV1QsPT01NoEEUzYWIKCwvXf/JpVWWlUKq8vePmxU0JCVGr1cIRokSmSszePXtSP0vBopN4nS42Lpaio0QmSczJ/PzlS5dh8WqR0VFfbNrU2tqKNVEC+RNjNBonBmmw6M6OjHStVosFUQL550pHc3OxJUKFXo8tohDyJ6agoABbIowPDMQWUQgT9DFHGPoYNzc3bBGFoBU8woYSQ9hQYggb+RMTrJ2MLRGcnJywRRRC/sSo1SOx1Z14nc7V1RULohDyJ2bYsKHY6k5WZqatrS0WRCHkT8zDhwyLyMXFxdgiCiFzYvbu2SN+zTd51UofHx8siELIeV3JYDDMiZmFRXcio6NSUlOxIMohWx8DI5Id27djIcLqNWuwRRRFnsTU1dUtXLBA/PUB6GBolqRQMpyVRO6G6QCT6sQPEykxCiU1MV3vtevwyfpPZ82e3djYCG3KiqJJOivBUFdMXMDYgAD4DVmhuCgdf2JgqLvsD0ux6E7l9evYIgrHn5hvd+/uuE+gW8ePH8cWUTjOcQx0MP5jfLEQJy//BN2y9AvA2cecP38eW6Lt3rUbW0TJOBNz+tRpbImWlZnZcX8kUS7OxMDXjy0W1M38AvAkRlhW4QA54/67xErwJKapqQlb7A4dPIgtokw8iRk6VOyeqc6yv8vGFlEmnsS0traqvL2xYFRVWWkwGLAgCsQ58o2MisIWu3+x3DRJrA1nYjQTxN6L3xmdmBSNOTF1dXUrk5OX/HYx1uzoxKRobImBuETMmCnsnHJwdBAOcqATk3KxJWb/vv3YsrF59vQZttjBiYnuO1EotsS4uPTFljRwYlq6dCmFRonYEiPjxef8vONRb0TSErDisCXGz98fW3KAniY0ZOqVK1ewJkrAlpiBAwdiSz66efEHcnKwIFaPLTH29vbcq71dWLdm7d49e7Ag1o0tMSBIw79214XUz1LStqQZjUasibViTsyUkCl2dnZYyGpbWtrEIA10NpQba8acmMDAwJaWltKrZXn5J7yHD8ej8oHOBnKzccNG2rBnnZgT0/FUqVGjRvUf0F9oyy4rMzNixkwaEVsh5sQIt6iVlpbq9XpTP5NMGBHTQp9VYU6MYNfOnSfz8+3s7LHmlfJ56u8SE7uYf8FJauHChXfu3MGaWJrt6tWrsSlaQ2NjWFjY/ISEPs59JO7C/OPK5JiYmAULF/wm9p1x48ZdvXq1saEBP/svR2eXiqraZ8YWezv7QW5uP/9Mb76wJJ473GBY2s/V9bUhr+Xl5Z07cxaPcomMjurXr20wBCc7H5/RMEu6d+9eTU3NhcILhooKON5voNv0qJj2P4vCQiYHjQ/o5+qCNTEvnsT8+eOPS66UbN7yDQx+R6jkX9B7kdrXP3DiSx73Crl5PTSkZ48eWBNz4UnM4cOHfzh9etv27c3NzSFabWMD59VErxEj/cYH9XFuux7+5PGj58+f19fd1JeVND95IvwBgfuQYUO9vHvZ2w0a7OHg6Pjs6VP4DcednHr/fsmi3hK26RAOPIkR9lXF63TQPn/+3I3KKuE4q/5ug8Ij38LiBffu1FdXXTeUlWL9At/xQU5Oztf0V0f7B6iGj1j8vs5j8CD8jJgFT2JaWlomBAadOHVSrVavSEra949/4geMoPP4VfhMLDqBXufC2R8e3H3lLEk9avT+nH1YEHPhmV07Ojr6B4ytr6/Hmpf3yFHY6qSx4YGjY+/XZ0ZCP4SHOjHoy2mnhPnxJKa1tTU0NOxa++5uGMoIBzn0H/A/eydggAJBga5FKHOy/gY/XfQx4Ky0mRrhwHNWAoWFhfv37duSlnYgJyfpo6Sfed8OCicmB4e2oeujh41dh+OlhMfrYUHMgnPNV6VSHT2SCx0MfGF+fn54lN3t2uob1yrghyMuArqGYGacifH09FR5e5eXl0P7zZiXzHfMY92atbRZ2Mw4EwMio6JK2geeCQkJPXvy/3ckqqqsnP+ujkJjNvzftGaC5tChQ9C4f/++sKRmKRCaDevXY0FMTEJiNJqiwgu1tbXwbTVLeKKMLGBQRTNt8+BPjL29fWR01M6MDKbXFZtO/e3b2CKmJGn8MT8h4VjuUSwszRRbSElnnOsxAo6n+nZr7LhxCe8luLi43L1zp6CgQGQHBhO33GNHW3mXhYh4khIDNm7Y6OrqmrwyeYTK+3JpCR7tDkxtOj9ML2LGzKmhoQ4O9ukZGXiofVg9d87bMLbF+hW+/Pqr6TNmYEFMSeqsODh4kvjX/HWAkHl2Eq/TxcbFnso/CaNp/HM2Nt9nZ3cbFxAaFoYtYmJSE+Pn7y/mGxVpzJgxcH758eJFody2dauYd6skr1oJw3AsiIlJTYzg5s2b0u+ubWh44OTkFDcvrqioLTEi4wJi4+KwRUxPnsQYKgwhU6diwQsGuUOGDBkfGJiVmXkgJ0dkXGAEQx2MOcmTmNLSkmnh07DgYjQag7Vt+3m9vLzgt8jXCMJf+XVEBBbELORJDPQHGml38FdXV2s0E7AQ7U+rV9OM2sykJubu3bvBWq30sWfl9es+PqObm5vFXyGCuZVarcaCmIvUxFwzGCr0+qamJr4HMtja2hoMhrbXk6akwrRr8182i1+yS1qRhAUxI6kreHHvxLp7uH+wZInwyKCQkBB3Dw+VSiV82hn0SfW3bz9+/Pinn8pgcqRSeWsmaHx9fd+dFx8+Pfxb0a/Tod13liIpMY2NjaEhU7fu2B7RPvyE3uLcuXP68vKKioq+zn0fPX7c9OQJhAM+Guw+GH4Ld/b37t27Vy+78PBpfZydPTw8bt26VXThQvqOv8JH4tEir6VISgz0K3AeOXEy/2JRUVZWFgxd4R/oYDy7eySncJWg+NKlLd9suVHFc7sTvXXSUvgTA0OQmdNnPG9p8R4xPD4+Hma5rNOWtuGLuEWXzigxlsI/8j2el/fM+GzIsKG7du+GEwTHLLe6ugZbosHJSPgxxVM/iRj8fcxb0W++t+D9Af37c48nDuTkrFuzFgsRYA4/PyEBC2IhnH2MsEVy0sSJQsnn7blzI6MZ3tNEQ11rwJkYGIIsW75M4oZwOJGlpKbCPBnr7sCUClvEcngSAzOdo0dyQ8PCDh08mJ6eLvGhmLNmz4ZhLDS6vfot3LpALItnHAPjj9ram4kfJkLbaDRKv3RsMBjmxMxanvSRvYNDyoaNePRlaIpkcTx9DPy/HvEGXjGWZaeBWq0+W3B+4aJFWq3W18+vi85myeIPTubn06N+LYi5jxHWeUuvlpniojGkoajoYtKKpO+zs7O/62q/JgyZv9i0iS5cmx9zH1NWVgbflom+Kug8hg0bCv0WzKIPHTkMuXxVfwMDqZoa5uUcIh1zYir0+oCAACzkVl1d8+IwBXK59++Z0veDEhkxJ+b/vlRTc3V1zT12NHnVSqzbBWsnf/n1VzQEtgieka+ZQU8DJynh3Rnw8+Olf6dnZNBqnqXwJEbed/+9KDh4ErY6gdxApwJoH7hlWV0fI9x6QqwWW2JsbW2vXL5cWFiItdwGu7tji1grtsQUFxffv3+/5EqJiV6z5uXllZWZiQWxSpL24MlO2P8Qr9OtXbeWVuesk3UlBrqus2fOwMiaZs5Wy7oSQ6yfAtZjiFWhxBA2lBjChhJD2FBiCBtKDGFDiSFsKDGEDSWGsKHEEDaUGMKGEkPYUGIIG0oMYUOJIWwoMYQNJYawocQQNpQYwsLG5j8VMEFJrEIdtgAAAABJRU5ErkJggg=="" height=""121"" width=""187""/>",,,,,,,,,,,,,
terminally_ill,clinical_frailty_scale,,radio,"9. Terminally Ill - Approaching the end of life. This category applies to people with a life expectancy <6 months, who are not otherwise evidently frail.","9,",,,,,,,,,,,,
dementia_score_desc,clinical_frailty_scale,,descriptive,"<i><b>Scoring frailty in people with dementia</b></i>
 
 The degree of frailty corresponds to the degree of dementia. Common <b>symptoms in mild dementia</b> include forgetting the details of a recent event, though still remembering the event itself, repeating the same question/story and social withdrawal.
 
 In <b>moderate dementia</b>, recent memory is very impaired, even though they seemingly can remember their past life events well. They can do personal care with prompting.
 
 In <b>severe dementia</b>, they cannot do personal care without help.
 
 
 <font size=1 color=""gray"">* 1. Canadian Study on Health & Aging, Revised 2008.
 2. K. Rockwood et al. A global clinical measure of fitness and frailty in elderly people. CMAJ 2005;173:489-495.
 
 2007-2009. Version 1.2. All rights reserved. Geriatric Medicine
 Research, Dalhousie University, Halifax, Canada. Permission granted to copy for research and educational purposes only.</font>",,,,,,,,,,,,,
research_staff_4,clinical_frailty_scale,,text,"Form completed by:",,(initials),alpha_only,,,,,,,,,,
abx_name,antibiotic_exposure,"<div class=""rich-text-field-label""><p style=""text-align: center;"">Use a separate instance of this form for each Antibiotic</p></div>",dropdown,"Name of antibiotic","1, Amoxicillin | 2, Azithromycin | 3, Aztreonam | 4, Cefalexin | 5, Ceftazidime | 6, Ceftriaxone | 7, Cefuroxime | 8, Chloramphenicol | 9, Ciprofloxacin | 10, Clarithromycin | 11, Clindamycin | 12, Co-amoxiclav | 13, Co-trimoxazole | 14, Doxycycline | 15, Erythromycin | 16, Fidaxomycin | 17, Flucloxacillin | 18, Fosfomycin | 19, Gentamicin | 20, Levofloxacin | 21, Linezolid | 22, Meropenem | 23, Metronidazole | 24, Moxifloxacin | 25, Nitrofurantoin | 26, Olfloxacin | 27, Penicillin | 28, Piperacillin/tazobactam | 29, Pivmecillinam | 30, Teicoplanin | 31, Temocillin | 32, Tigecycline | 33, Trimethoprim | 34, Vancomycin | 35, Other","if 'other' please specify",,,,,,,,,,,
abx_other,antibiotic_exposure,,text,"Other - please specify:",,,,,,,"[abx_name] = '35'",,,,,,
abx_start_date,antibiotic_exposure,,text,"Start date",,,date_dmy,,,,,,,,,,
abx_end_date,antibiotic_exposure,,text,"End date (actual or anticipated)",,,date_dmy,,,,,,,,,,
abx_route,antibiotic_exposure,,radio,"Route of administration","1, Oral | 2, IV",,,,,,,,,,,,
abx_dose,antibiotic_exposure,,text,Dose,,,,,,,,,,,,,
abx_frequency,antibiotic_exposure,,dropdown,Frequency,"1, Once per day (OD) | 2, Twice per day (BD) | 3, Three times per day (TDS) | 4, Four times per day (QDS)",,,,,,,,,,,,
visit_date,week_a,,text,Date,,,date_dmy,,,,,y,,,,,
location_visit1a,week_a,,radio,Location,"1, Ward 29 Aintree | 7, Ward 17B | 2, Ward 30 Aintree | 8, Ward 9, Broad Green | 9, Ward 11, Broad Green | 3, Longmoor House | 4, Estuary House | 5, Walton Manor | 6, Care Home 3 | 10, Bevan 1 - Whiston | 11, Bevan 2 - Whiston",,,,,,,y,,,,,
bed_number_week_a,week_a,,text,"Bed space/room number:",,,,,,,,,,,,,
admission_date_v1,week_a,,text,"Date of admission",,,date_dmy,,,,,y,,,,,
admitted_from,week_a,,dropdown,"Admitted from:","1, Home | 2, Care Home | 3, Hospital | 4, Intermediate care/rehab | 5, Other",,,,,,,,,,,,
hospital_other_detail,week_a,,text,"Please specify:",,,,,,,"[admitted_from] = '3' or [admitted_from] = '5' or [admitted_from] = '4'",,,,,,
prev_location_adm_date,week_a,,text,"Date of admission to previous location (if known):",,,date_dmy,,,,"[admitted_from] = '2' or [admitted_from] = '3' or [admitted_from] = '4' or [admitted_from] = '5'",,,,,,
abx_v1,week_a," ",yesno,"Currently receiving antibiotics?",,"If yes complete abx page",,,,,,y,,,,,
abx_3month_v1,week_a,,yesno,"Antibiotics received in past 3 months?",,"If yes compete abx page",,,,,,,,,,,
ppi,week_a,,yesno,"Currently receiving proton pump inhibitors? (eg. lansoprazole, omeprazole)",,"If yes please specify",,,,,,,,,,,
ppi_name,week_a,,dropdown,"Name of PPI:","1, Lansoprazole | 2, Omeprazole | 3, Esomeprazole | 4, Other","If other please specify",,,,,"[ppi] = '1'",,,,,,
ppi_other,week_a,,text,"Other - please specify:",,,,,,,"[ppi_name] = '4'",,,,,,
hospital_admissions,week_a," ",yesno,"Any hospital admissions in past 3 months?",,,,,,,,y,,,,,
hospital_adm_v1,week_a,,text,"If yes please specify:",,,,,,,"[hospital_admissions] = '1'",,,,,,
medical_devices,week_a,,checkbox,"Any catheters/IV lines/feeding tubes?","1, Urinary catheter | 2, Nasogastric tube | 3, PEG/PEJ (percutaneous feeding tube) | 4, Long term indwelling vascular device (PICC/midline/portocath) | 5, Short term IV device (peripheral cannula) | 6, Other | 7, None","please specify if other",,,,,,,,,,,
devices_other,week_a,,text,"If 'other' please specify:",,,,,,,"[medical_devices(6)] = '1'",,,,,,
animal_exp_v1,week_a,,yesno,"Any animal exposure in past 3 months? (eg pets, therapy dogs)",,,,,,,,,,,,,
animal_v1,week_a,,text,"If yes please specify:",,,,,,,"[animal_exp_v1] = '1'",,,,,,
overseas_travel,week_a,,yesno,"Any overseas travel in past 3 months?",,,,,,,,,,,,,
overseas_detail,week_a,,text,"If yes please specify:",,,,,,,"[overseas_travel] = '1'",,,,,,
cfs_complete,week_a,,yesno,"Clinical Frailty Score completed?",,"please complete once for visit A & B",,,,,,,,,,,
dependency_v1,week_a,,yesno,"Care Dependency Score completed?",,"Please complete once for visit A & B",,,,,,,,,,,
sample_a1_v1,week_a," ",yesno,"Sample A1 collected?",,"If yes complete sample page",,,,,,y,,,,,
no_sample_a1,week_a,,radio,"If no please specify:","1, Participant discharged | 2, Participant admitted to hospital | 3, Participant/consultee declined | 4, Participant not present (appointment/therapy session/visitors) | 5, Other (please specify)",,,,,,"[sample_a1_v1] = '0'",,,,,,
no_sample_a1_oth,week_a,,text,"Other - please specify:",,,,,,,"[no_sample_a1] = '5'",,,,,,
sample_a2_v1,week_a,,yesno,"Sample A2 collected?",,"If yes complete sample form",,,,,,y,,,,,
no_sample_a2,week_a,,radio,"If no please specify:","1, Participant discharged | 2, Participant admitted to hospital | 3, Participant/consultee declined | 4, Participant not present (appointment/therapy session/visitors) | 5, Other (please specify)",,,,,,"[sample_a2_v1] = '0'",,,,,,
no_sample_a2_oth,week_a,,text,"Other - please specify:",,,,,,,"[no_sample_a2] = '5'",,,,,,
sample_a3_v1,week_a,,yesno,"Sample A3 collected?",,"If yes complete sample page",,,,,,y,,,,,
no_sample_a3,week_a,,radio,"If no please specify:","1, Participant discharged | 2, Participant admitted to hospital | 3, Participant/consultee declined | 4, Participant not present (appointment/therapy session/visitors) | 5, Other (please specify)",,,,,,"[sample_a3_v1] = '0'",,,,,,
no_sample_a3_oth,week_a,,text,"Other - please specify:",,,,,,,"[no_sample_a3] = '5'",,,,,,
v1b_date,week_b,,text,Date,,,date_dmy,,,,,,,,,,
bed_number_week_b,week_b,,text,"Bed space/room number:",,,,,,,,,,,,,
abx_change_v1b,week_b,,yesno,"Any change to antibiotic treatment?",,"If yes please complete abx page",,,,,,,,,,,
sample_b4_v1,week_b,,yesno,"Sample B4 collected?",,"If yes complete sample page",,,,,,,,,,,
no_sample_b4,week_b,,radio,"If no please specify:","1, Participant discharged | 2, Participant admitted to hospital | 3, Participant/consultee declined | 4, Participant not present (appointment/therapy session/visitors) | 5, Other (please specify)",,,,,,"[sample_b4_v1] = '0'",,,,,,
no_sample_b4_oth,week_b,,text,"Other - please specify:",,,,,,,"[no_sample_b4] = '5'",,,,,,
sample_b5_v1,week_b,,yesno,"Sample B5 collected?",,"If yes complete sample page",,,,,,,,,,,
no_sample_b5,week_b,,radio,"If no please specify:","1, Participant discharged | 2, Participant admitted to hospital | 3, Participant/consultee declined | 4, Participant not present (appointment/therapy session/visitors) | 5, Other (please specify)",,,,,,"[sample_b5_v1] = '0'",,,,,,
no_sample_b5_oth,week_b,,text,"Other - please specify:",,,,,,,"[no_sample_b5] = '5'",,,,,,
sample_type,sample_collection,,radio,"Type of sample","1, rectal swab | 2, stool sample | 3, stoma sample",,,,,,,y,,,,,
sample_date,sample_collection,,text,"Date sample collected",,,date_dmy,,,,,y,,,,,
bed_number_sample,sample_collection,,text,"Bed space/room number:",,,,,,,,,,,,,
event_number,sample_collection,,text,"Sample number",,"scan QR code on sample sticker",,,,,,,,,,," @BARCODE-APP"
research_staff_6,sample_collection,,text,"Form completed by:",,(initials),alpha_only,,,,,y,,,,,
end_of_visit_date,end_of_visit,,text,Date:,,,date_dmy,,,,,y,,,,,
participant_present,end_of_visit,,yesno,"Participant still present at end of this visit period?",,,,,,,,y,,,,,
discharge_date,end_of_visit,,text,"If no please give discharge date:",,,date_dmy,,,,"[participant_present] = '0'",,,,,,
discharge_destination,end_of_visit,,radio,"Discharge destination:","1, Own home | 2, Intermediate care/rehab facility (please specify) | 3, Residential/nursing care (please specify) | 4, Hospital (please specify) | 5, Other (please specify) | 6, Died (please complete withdrawal page)",,,,,,"[participant_present] = '0'",,,,,,
discharge_dest_specify,end_of_visit,,text,"Please specify:",,,,,,,"[discharge_destination] = '2' or [discharge_destination] = '3' or [discharge_destination] = '4' or [discharge_destination] = '5'",,,,,,
completion,end_of_visit,,text,"Completed by:",,Initials,,,,,,y,,,,,
participant_info_date,enhanced_sampling,,text,Date,,,date_dmy,,,,,y,,,,,
pt_name,enhanced_sampling,,text,"Participant name",,,,,,y,,y,,,,,
room_number,enhanced_sampling,,text,"Room number",,,,,,,,y,,,,,
consultee_required,enhanced_sampling,,yesno,"Consultee required?",,"If yes please complete name",,,,,,y,,,,,
name_of_consultee,enhanced_sampling,,text,"Name of consultee",,,,,,y,"[consultee_required] = '1'",y,,,,,
enhanced_sampling_consent,enhanced_sampling,,text,"Enhanced sampling consent date",,,date_dmy,,,,,y,,,,,
consent_recorded_on,enhanced_sampling,,radio,"Consent recorded on:","1, Paper form | 2, REDCap",,,,,,,y,,,,,
form_completed_by,enhanced_sampling,,text,"Form completed by",,"please initial",,,,,,y,,,,,
withdrawal_date,withdrawal,,text,"Date of withdrawal",,,date_dmy,,,,,y,,,,,
withdrawal_reason,withdrawal,,radio,"Reason for withdrawal","1, Withdrawal of consent (participant) | 2, Withdrawal of consent (consultee) | 3, No longer eligible to participate (deterioration in condition) | 4, Discharged or lost to follow up | 5, Died",,,,,,,y,,,,," @HIDECHOICE='4'"
research_staff_7,withdrawal,,text,"Form completed by:",,(initials),alpha_only,,,,,y,,,,,
gpl_date,gp_letter,,text,Date,,,date_dmy,,,,,,,,,,
gpl_sent,gp_letter,,yesno,"GP Letter sent",,,,,,,,,,,,,
gpl_sentby,gp_letter,,radio,"Sent by","1, Letter | 2, Email",,,,,,,,,,,,
gpl_initials,gp_letter,,text,Initials,,,,,,,,,,,,,
